1000,Brussel,Brussel
1020,Laken,Brussel
1030,Schaarbeek,Schaarbeek
1040,Etterbeek,Etterbeek
1050,Elsene,Elsene
1060,Sint-Gillis,Sint-Gillis
1070,Anderlecht,Anderlecht
1080,Sint-Jans-Molenbeek,Sint-Jans-Molenbeek
1081,Koekelberg,Koekelberg
1082,Sint-Agatha-Berchem,Sint-Agatha-Berchem
1083,Ganshoren,Ganshoren
1090,Jette,Jette
1120,Neder-over-Heembeek,Brussel
1130,Haren,Brussel
1140,Evere,Evere
1150,Sint-Pieters-Woluwe,Sint-Pieters-Woluwe
1160,Oudergem,Oudergem
1170,Watermaal-Bosvoorde,Watermaal-Bosvoorde
1180,Ukkel,Ukkel
1190,Vorst,Vorst
1200,Sint-Lambrechts-Woluwe,Sint-Lambrechts-Woluwe
1210,Sint-Joost-ten-Node,Sint-Joost-ten-Node
1300,Limal,Waver
1300,Waver,Waver
1301,Bierges,Waver
1310,La Hulpe,La Hulpe
1315,Glimes,Incourt
1315,Incourt,Incourt
1315,Opprebais,Incourt
1315,Piétrebais,Incourt
1315,Roux-Miroir,Incourt
1320,Bevekom,Bevekom
1320,Hamme-Mille,Bevekom
1320,Sluizen,Bevekom
1320,Nodebais,Bevekom
1320,Deurne,Bevekom
1325,Bonlez,Chaumont-Gistoux
1325,Chaumont-Gistoux,Chaumont-Gistoux
1325,Corroy-le-Grand,Chaumont-Gistoux
1325,Dion-Valmont,Chaumont-Gistoux
1325,Longueville,Chaumont-Gistoux
1330,Rixensart,Rixensart
1331,Rosières,Rixensart
1332,Genval,Rixensart
1340,Ottignies,Ottignies-Louvain-la-Neuve
1340,Ottignies-Louvain-la-Neuve,Ottignies-Louvain-la-Neuve
1341,Céroux-Mousty,Ottignies-Louvain-la-Neuve
1342,Limelette,Ottignies-Louvain-la-Neuve
1348,Louvain-la-Neuve,Ottignies-Louvain-la-Neuve
1350,Enines,Orp-Jauche
1350,Folx-les-Caves,Orp-Jauche
1350,Jandrain-Jandrenouille,Orp-Jauche
1350,Jauche,Orp-Jauche
1350,Marilles,Orp-Jauche
1350,Noduwez,Orp-Jauche
1350,Orp-Jauche,Orp-Jauche
1350,Orp-le-Grand,Orp-Jauche
1357,Hélécine,Hélécine
1357,Linsmeau,Hélécine
1357,Neerheylissem,Hélécine
1357,Opheylissem,Hélécine
1360,Malèves-Sainte-Marie-Wastines,Perwez
1360,Orbais,Perwez
1360,Perwez,Perwez
1360,Thorembais-les-Béguines,Perwez
1360,Thorembais-Saint-Trond,Perwez
1367,Autre-Eglise,Ramillies
1367,Bomal,Ramillies
1367,Geest-Gérompont-Petit-Rosière,Ramillies
1367,Gérompont,Ramillies
1367,Grand-Rosière-Hottomont,Ramillies
1367,Huppaye,Ramillies
1367,Mont-Saint-André,Ramillies
1367,Ramillies-Offus,Ramillies
1370,Dongelberg,Jodoigne
1370,Jauchelette,Jodoigne
1370,Jodoigne,Jodoigne
1370,Jodoigne-Souveraine,Jodoigne
1370,Lathuy,Jodoigne
1370,Mélin,Jodoigne
1370,Piétrain,Jodoigne
1370,Saint-Jean-Geest,Jodoigne
1370,Saint-Remy-Geest,Jodoigne
1370,Zétrud-Lumay,Jodoigne
1380,Couture-Saint-Germain,Lasne
1380,Lasne,Lasne
1380,Lasne-Chapelle-Saint-Lambert,Lasne
1380,Maransart,Lasne
1380,Ohain,Lasne
1380,Plancenoit,Lasne
1390,Archennes,Grez-Doiceau
1390,Biez,Grez-Doiceau
1390,Bossut-Gottechain,Grez-Doiceau
1390,Grez-Doiceau,Grez-Doiceau
1390,Nethen,Grez-Doiceau
1400,Monstreux,Nivelles
1400,Nivelles,Nivelles
1401,Baulers,Nivelles
1402,Thines,Nivelles
1404,Bornival,Nivelles
1410,Waterloo,Waterloo
1420,Braine-l'Alleud,Braine-l'Alleud
1421,Ophain-Bois-Seigneur-Isaac,Braine-l'Alleud
1428,Lillois-Witterzée,Braine-l'Alleud
1430,Bierghes,Rebecq
1430,Quenast,Rebecq
1430,Rebecq,Rebecq
1430,Rebecq-Rognon,Rebecq
1435,Corbais,Mont-Saint-Guibert
1435,Hévillers,Mont-Saint-Guibert
1435,Mont-Saint-Guibert,Mont-Saint-Guibert
1440,Braine-le-Château,Braine-le-Château
1440,Wauthier-Braine,Braine-le-Château
1450,Chastre,Chastre
1450,Chastre-Villeroux-Blanmont,Chastre
1450,Cortil-Noirmont,Chastre
1450,Gentinnes,Chastre
1450,Saint-Géry,Chastre
1457,Nil-Saint-Vincent-Saint-Martin,Walhain
1457,Tourinnes-Saint-Lambert,Walhain
1457,Walhain,Walhain
1457,Walhain-Saint-Paul,Walhain
1460,Ittre,Ittre
1460,Virginal-Samme,Ittre
1461,Haut-Ittre,Ittre
1470,Baisy-Thy,Genappe
1470,Bousval,Genappe
1470,Genappe,Genappe
1471,Loupoigne,Genappe
1472,Vieux-Genappe,Genappe
1473,Glabais,Genappe
1474,Ways,Genappe
1476,Houtain-le-Val,Genappe
1480,Clabecq,Tubize
1480,Oisquercq,Tubize
1480,Saintes,Tubize
1480,Tubize,Tubize
1490,Court-Saint-Etienne,Court-Saint-Etienne
1495,Marbais,Villers-la-Ville
1495,Mellery,Villers-la-Ville
1495,Sart-Dames-Avelines,Villers-la-Ville
1495,Tilly,Villers-la-Ville
1495,Villers-la-Ville,Villers-la-Ville
1500,Halle,Halle
1501,Buizingen,Halle
1502,Lembeek,Halle
1540,Herfelingen,Herne
1540,Herne,Herne
1541,Sint-Pieters-Kapelle,Herne
1547,Bever,Bever
1560,Hoeilaart,Hoeilaart
1570,Galmaarden,Galmaarden
1570,Tollembeek,Galmaarden
1570,Vollezele,Galmaarden
1600,Oudenaken,Sint-Pieters-Leeuw
1600,Sint-Laureins-Berchem,Sint-Pieters-Leeuw
1600,Sint-Pieters-Leeuw,Sint-Pieters-Leeuw
1601,Ruisbroek,Sint-Pieters-Leeuw
1602,Vlezenbeek,Sint-Pieters-Leeuw
1620,Drogenbos,Drogenbos
1630,Linkebeek,Linkebeek
1640,Sint-Genesius-Rode,Sint-Genesius-Rode
1650,Beersel,Beersel
1651,Lot,Beersel
1652,Alsemberg,Beersel
1653,Dworp,Beersel
1654,Huizingen,Beersel
1670,Bogaarden,Pepingen
1670,Heikruis,Pepingen
1670,Pepingen,Pepingen
1671,Elingen,Pepingen
1673,Beert,Pepingen
1674,Bellingen,Pepingen
1700,Dilbeek,Dilbeek
1700,Sint-Martens-Bodegem,Dilbeek
1700,Sint-Ulriks-Kapelle,Dilbeek
1701,Itterbeek,Dilbeek
1702,Groot-Bijgaarden,Dilbeek
1703,Schepdaal,Dilbeek
1730,Asse,Asse
1730,Bekkerzeel,Asse
1730,Kobbegem,Asse
1730,Mollem,Asse
1731,Relegem,Asse
1731,Zellik,Asse
1740,Ternat,Ternat
1741,Wambeek,Ternat
1742,Sint-Katherina-Lombeek,Ternat
1745,Mazenzele,Opwijk
1745,Opwijk,Opwijk
1750,Gaasbeek,Lennik
1750,Lennik,Lennik
1750,Sint-Kwintens-Lennik,Lennik
1750,Sint-Martens-Lennik,Lennik
1755,Gooik,Gooik
1755,Kester,Gooik
1755,Leerbeek,Gooik
1755,Oetingen,Gooik
1760,Onze-Lieve-Vrouw-Lombeek,Roosdaal
1760,Pamel,Roosdaal
1760,Roosdaal,Roosdaal
1760,Strijtem,Roosdaal
1761,Borchtlombeek,Roosdaal
1770,Liedekerke,Liedekerke
1780,Wemmel,Wemmel
1785,Brussegem,Merchtem
1785,Hamme,Merchtem
1785,Merchtem,Merchtem
1790,Affligem,Affligem
1790,Essene,Affligem
1790,Hekelgem,Affligem
1790,Teralfene,Affligem
1800,Peutie,Vilvoorde
1800,Vilvoorde,Vilvoorde
1820,Melsbroek,Steenokkerzeel
1820,Perk,Steenokkerzeel
1820,Steenokkerzeel,Steenokkerzeel
1830,Machelen,Machelen
1840,Londerzeel,Londerzeel
1840,Malderen,Londerzeel
1840,Steenhuffel,Londerzeel
1850,Grimbergen,Grimbergen
1851,Humbeek,Grimbergen
1852,Beigem,Grimbergen
1853,Strombeek-Bever,Grimbergen
1860,Meise,Meise
1861,Wolvertem,Meise
1880,Kapelle-op-den-Bos,Kapelle-op-den-Bos
1880,Nieuwenrode,Kapelle-op-den-Bos
1880,Ramsdonk,Kapelle-op-den-Bos
1910,Berg,Kampenhout
1910,Buken,Kampenhout
1910,Kampenhout,Kampenhout
1910,Nederokkerzeel,Kampenhout
1930,Nossegem,Zaventem
1930,Zaventem,Zaventem
1932,Sint-Stevens-Woluwe,Zaventem
1933,Sterrebeek,Zaventem
1950,Kraainem,Kraainem
1970,Wezembeek-Oppem,Wezembeek-Oppem
1980,Eppegem,Zemst
1980,Zemst,Zemst
1981,Hofstade,Zemst
1982,Elewijt,Zemst
1982,Weerde,Zemst
2000,Antwerpen,Antwerpen
2018,Antwerpen,Antwerpen
2020,Antwerpen,Antwerpen
2030,Antwerpen,Antwerpen
2040,Antwerpen,Antwerpen
2040,Berendrecht,Antwerpen
2040,Lillo,Antwerpen
2040,Zandvliet,Antwerpen
2050,Antwerpen,Antwerpen
2060,Antwerpen,Antwerpen
2070,Burcht,Zwijndrecht
2070,Zwijndrecht,Zwijndrecht
2100,Deurne,Antwerpen
2110,Wijnegem,Wijnegem
2140,Borgerhout,Antwerpen
2150,Borsbeek,Borsbeek
2160,Wommelgem,Wommelgem
2170,Merksem,Antwerpen
2180,Ekeren,Antwerpen
2200,Herentals,Herentals
2200,Morkhoven,Herentals
2200,Noorderwijk,Herentals
2220,Hallaar,Heist-op-den-Berg
2220,Heist-op-den-Berg,Heist-op-den-Berg
2221,Booischot,Heist-op-den-Berg
2222,Itegem,Heist-op-den-Berg
2222,Wiekevorst,Heist-op-den-Berg
2223,Schriek,Heist-op-den-Berg
2230,Herselt,Herselt
2230,Ramsel,Herselt
2235,Houtvenne,Hulshout
2235,Hulshout,Hulshout
2235,Westmeerbeek,Hulshout
2240,Massenhoven,Zandhoven
2240,Viersel,Zandhoven
2240,Zandhoven,Zandhoven
2242,Pulderbos,Zandhoven
2243,Pulle,Zandhoven
2250,Olen,Olen
2260,Oevel,Westerlo
2260,Tongerlo,Westerlo
2260,Westerlo,Westerlo
2260,Zoerle-Parwijs,Westerlo
2270,Herenthout,Herenthout
2275,Gierle,Lille
2275,Lille,Lille
2275,Poederlee,Lille
2275,Wechelderzande,Lille
2280,Grobbendonk,Grobbendonk
2288,Bouwel,Grobbendonk
2290,Vorselaar,Vorselaar
2300,Turnhout,Turnhout
2310,Rijkevorsel,Rijkevorsel
2320,Hoogstraten,Hoogstraten
2321,Meer,Hoogstraten
2322,Minderhout,Hoogstraten
2323,Wortel,Hoogstraten
2328,Meerle,Hoogstraten
2330,Merksplas,Merksplas
2340,Beerse,Beerse
2340,Vlimmeren,Beerse
2350,Vosselaar,Vosselaar
2360,Oud-Turnhout,Oud-Turnhout
2370,Arendonk,Arendonk
2380,Ravels,Ravels
2381,Weelde,Ravels
2382,Poppel,Ravels
2387,Baarle-Hertog,Baarle-Hertog
2390,Malle,Malle
2390,Oostmalle,Malle
2390,Westmalle,Malle
2400,Mol,Mol
2430,Eindhout,Laakdal
2430,Laakdal,Laakdal
2430,Vorst,Laakdal
2431,Varendonk,Laakdal
2431,Veerle,Laakdal
2440,Geel,Geel
2450,Meerhout,Meerhout
2460,Kasterlee,Kasterlee
2460,Lichtaart,Kasterlee
2460,Tielen,Kasterlee
2470,Retie,Retie
2480,Dessel,Dessel
2490,Balen,Balen
2491,Olmen,Balen
2500,Koningshooikt,Lier
2500,Lier,Lier
2520,Broechem,Ranst
2520,Emblem,Ranst
2520,Oelegem,Ranst
2520,Ranst,Ranst
2530,Boechout,Boechout
2531,Vremde,Boechout
2540,Hove,Hove
2547,Lint,Lint
2550,Kontich,Kontich
2550,Waarloos,Kontich
2560,Bevel,Nijlen
2560,Kessel,Nijlen
2560,Nijlen,Nijlen
2570,Duffel,Duffel
2580,Beerzel,Putte
2580,Putte,Putte
2590,Berlaar,Berlaar
2590,Gestel,Berlaar
2600,Berchem,Antwerpen
2610,Wilrijk,Antwerpen
2620,Hemiksem,Hemiksem
2627,Schelle,Schelle
2630,Aartselaar,Aartselaar
2640,Mortsel,Mortsel
2650,Edegem,Edegem
2660,Hoboken,Antwerpen
2800,Mechelen,Mechelen
2800,Walem,Mechelen
2801,Heffen,Mechelen
2811,Hombeek,Mechelen
2811,Leest,Mechelen
2812,Muizen,Mechelen
2820,Bonheiden,Bonheiden
2820,Rijmenam,Bonheiden
2830,Blaasveld,Willebroek
2830,Heindonk,Willebroek
2830,Tisselt,Willebroek
2830,Willebroek,Willebroek
2840,Reet,Rumst
2840,Rumst,Rumst
2840,Terhagen,Rumst
2845,Niel,Niel
2850,Boom,Boom
2860,Sint-Katelijne-Waver,Sint-Katelijne-Waver
2861,Onze-Lieve-Vrouw-Waver,Sint-Katelijne-Waver
2870,Breendonk,Puurs
2870,Liezele,Puurs
2870,Puurs,Puurs
2870,Ruisbroek,Puurs
2880,Bornem,Bornem
2880,Hingene,Bornem
2880,Mariekerke,Bornem
2880,Weert,Bornem
2890,Lippelo,Sint-Amands
2890,Oppuurs,Sint-Amands
2890,Sint-Amands,Sint-Amands
2900,Schoten,Schoten
2910,Essen,Essen
2920,Kalmthout,Kalmthout
2930,Brasschaat,Brasschaat
2940,Hoevenen,Stabroek
2940,Stabroek,Stabroek
2950,Kapellen,Kapellen
2960,Brecht,Brecht
2960,Sint-Job-in-'t-Goor,Brecht
2960,Sint-Lenaarts,Brecht
2970,s,Schilde
2970,Schilde,Schilde
2980,Halle,Zoersel
2980,Zoersel,Zoersel
2990,Loenhout,Wuustwezel
2990,Wuustwezel,Wuustwezel
3000,Leuven,Leuven
3001,Heverlee,Leuven
3010,Kessel-Lo,Leuven
3012,Wilsele,Leuven
3018,Wijgmaal,Leuven
3020,Herent,Herent
3020,Veltem-Beisem,Herent
3020,Winksele,Herent
3040,Huldenberg,Huldenberg
3040,Loonbeek,Huldenberg
3040,Neerijse,Huldenberg
3040,Ottenburg,Huldenberg
3040,Sint-Agatha-Rode,Huldenberg
3050,Oud-Heverlee,Oud-Heverlee
3051,Sint-Joris-Weert,Oud-Heverlee
3052,Blanden,Oud-Heverlee
3053,Haasrode,Oud-Heverlee
3054,Vaalbeek,Oud-Heverlee
3060,Bertem,Bertem
3060,Korbeek-Dijle,Bertem
3061,Leefdaal,Bertem
3070,Kortenberg,Kortenberg
3071,Erps-Kwerps,Kortenberg
3078,Everberg,Kortenberg
3078,Meerbeek,Kortenberg
3080,Duisburg,Tervuren
3080,Tervuren,Tervuren
3080,Vossem,Tervuren
3090,Overijse,Overijse
3110,Rotselaar,Rotselaar
3111,Wezemaal,Rotselaar
3118,Werchter,Rotselaar
3120,Tremelo,Tremelo
3128,Baal,Tremelo
3130,Begijnendijk,Begijnendijk
3130,Betekom,Begijnendijk
3140,Keerbergen,Keerbergen
3150,Haacht,Haacht
3150,Tildonk,Haacht
3150,Wespelaar,Haacht
3190,Boortmeerbeek,Boortmeerbeek
3191,Hever,Boortmeerbeek
3200,Aarschot,Aarschot
3200,Gelrode,Aarschot
3201,Langdorp,Aarschot
3202,Rillaar,Aarschot
3210,Linden,Lubbeek
3210,Lubbeek,Lubbeek
3211,Binkom,Lubbeek
3212,Pellenberg,Lubbeek
3220,Holsbeek,Holsbeek
3220,Kortrijk-Dutsel,Holsbeek
3220,Sint-Pieters-Rode,Holsbeek
3221,Nieuwrode,Holsbeek
3270,Scherpenheuvel,Scherpenheuvel-Zichem
3270,Scherpenheuvel-Zichem,Scherpenheuvel-Zichem
3271,Averbode,Scherpenheuvel-Zichem
3271,Zichem,Scherpenheuvel-Zichem
3272,Messelbroek,Scherpenheuvel-Zichem
3272,Testelt,Scherpenheuvel-Zichem
3290,Deurne,Diest
3290,Diest,Diest
3290,Schaffen,Diest
3290,Webbekom,Diest
3293,Kaggevinne,Diest
3294,Molenstede,Diest
3300,Bost,Tienen
3300,Goetsenhoven,Tienen
3300,Hakendover,Tienen
3300,Kumtich,Tienen
3300,Oorbeek,Tienen
3300,Oplinter,Tienen
3300,Sint-Margriete-Houtem,Tienen
3300,Tienen,Tienen
3300,Vissenaken,Tienen
3320,Hoegaarden,Hoegaarden
3320,Meldert,Hoegaarden
3321,Outgaarden,Hoegaarden
3350,Drieslinter,Linter
3350,Linter,Linter
3350,Melkwezer,Linter
3350,Neerhespen,Linter
3350,Neerlinter,Linter
3350,Orsmaal-Gussenhoven,Linter
3350,Overhespen,Linter
3350,Wommersom,Linter
3360,Bierbeek,Bierbeek
3360,Korbeek-Lo,Bierbeek
3360,Lovenjoel,Bierbeek
3360,Opvelp,Bierbeek
3370,Boutersem,Boutersem
3370,Kerkom,Boutersem
3370,Neervelp,Boutersem
3370,Roosbeek,Boutersem
3370,Vertrijk,Boutersem
3370,Willebringen,Boutersem
3380,Bunsbeek,Glabbeek-Zuurbemde
3380,Glabbeek-Zuurbemde,Glabbeek-Zuurbemde
3381,Kapellen,Glabbeek-Zuurbemde
3384,Attenrode,Glabbeek-Zuurbemde
3390,Houwaart,Tielt-Winge
3390,Sint-Joris-Winge,Tielt-Winge
3390,Tielt,Tielt-Winge
3390,Tielt-Winge,Tielt-Winge
3391,Meensel-Kiezegem,Tielt-Winge
3400,Eliksem,Landen
3400,Ezemaal,Landen
3400,Laar,Landen
3400,Landen,Landen
3400,Neerwinden,Landen
3400,Overwinden,Landen
3400,Rumsdorp,Landen
3400,Wange,Landen
3401,Waasmont,Landen
3401,Walsbets,Landen
3401,Walshoutem,Landen
3401,Wezeren,Landen
3404,Attenhoven,Landen
3404,Neerlanden,Landen
3440,Budingen,Zoutleeuw
3440,Dormaal,Zoutleeuw
3440,Halle-Booienhoven,Zoutleeuw
3440,Helen-Bos,Zoutleeuw
3440,Zoutleeuw,Zoutleeuw
3450,Geetbets,Geetbets
3450,Grazen,Geetbets
3454,Rummen,Geetbets
3460,Assent,Bekkevoort
3460,Bekkevoort,Bekkevoort
3461,Molenbeek-Wersbeek,Bekkevoort
3470,Kortenaken,Kortenaken
3470,Ransberg,Kortenaken
3471,Hoeleden,Kortenaken
3472,Kersbeek-Miskom,Kortenaken
3473,Waanrode,Kortenaken
3500,Hasselt,Hasselt
3500,Sint-Lambrechts-Herk,Hasselt
3501,Wimmertingen,Hasselt
3510,Kermt,Hasselt
3510,Spalbeek,Hasselt
3511,Kuringen,Hasselt
3511,Stokrooie,Hasselt
3512,Stevoort,Hasselt
3520,Zonhoven,Zonhoven
3530,Helchteren,Houthalen-Helchteren
3530,Houthalen,Houthalen-Helchteren
3530,Houthalen-Helchteren,Houthalen-Helchteren
3540,Berbroek,Herk-de-Stad
3540,Donk,Herk-de-Stad
3540,Herk-de-Stad,Herk-de-Stad
3540,Schulen,Herk-de-Stad
3545,Halen,Halen
3545,Loksbergen,Halen
3545,Zelem,Halen
3550,Heusden,Heusden-Zolder
3550,Heusden-Zolder,Heusden-Zolder
3550,Zolder,Heusden-Zolder
3560,Linkhout,Lummen
3560,Lummen,Lummen
3560,Meldert,Lummen
3570,Alken,Alken
3580,Beringen,Beringen
3581,Beverlo,Beringen
3582,Koersel,Beringen
3583,Paal,Beringen
3590,Diepenbeek,Diepenbeek
3600,Genk,Genk
3620,Gellik,Lanaken
3620,Lanaken,Lanaken
3620,Neerharen,Lanaken
3620,Veldwezelt,Lanaken
3620,Briegden,Lanaken
3621,Rekem,Lanaken
3630,Eisden,Maasmechelen
3630,Leut,Maasmechelen
3630,Maasmechelen,Maasmechelen
3630,Mechelen-aan-de-Maas,Maasmechelen
3630,Meeswijk,Maasmechelen
3630,Opgrimbie,Maasmechelen
3630,Vucht,Maasmechelen
3631,Boorsem,Maasmechelen
3631,Uikhoven,Maasmechelen
3640,Kessenich,Kinrooi
3640,Kinrooi,Kinrooi
3640,Molenbeersel,Kinrooi
3640,Ophoven,Kinrooi
3650,Dilsen-Stokkem,Dilsen-Stokkem
3650,Elen,Dilsen-Stokkem
3650,Lanklaar,Dilsen-Stokkem
3650,Rotem,Dilsen-Stokkem
3660,Opglabbeek,Opglabbeek
3665,As,As
3668,Niel-bij-As,As
3670,Ellikom,Meeuwen-Gruitrode
3670,Gruitrode,Meeuwen-Gruitrode
3670,Meeuwen,Meeuwen-Gruitrode
3670,Meeuwen-Gruitrode,Meeuwen-Gruitrode
3670,Neerglabbeek,Meeuwen-Gruitrode
3670,Wijshagen,Meeuwen-Gruitrode
3680,Maaseik,Maaseik
3680,Neeroeteren,Maaseik
3680,Opoeteren,Maaseik
3690,Zutendaal,Zutendaal
3700,Berg,Tongeren
3700,Diets-Heur,Tongeren
3700,Haren-Tongeren,Tongeren
3700,Henis,Tongeren
3700,Kolmont-Tongeren,Tongeren
3700,Koninksem,Tongeren
3700,Lauw,Tongeren
3700,Mal,Tongeren
3700,Neerrepen,Tongeren
3700,Nerem,Tongeren
3700,Overrepen,Tongeren
3700,Piringen,Tongeren
3700,Riksingen,Tongeren
3700,Rutten,Tongeren
3700,'s Herenelderen,Tongeren
3700,Sluizen,Tongeren
3700,Tongeren,Tongeren
3700,Vreren,Tongeren
3700,Widooie,Tongeren
3717,Herstappe,Herstappe
3720,Kortessem,Kortessem
3721,Vliermaalroot,Kortessem
3722,Wintershoven,Kortessem
3723,Guigoven,Kortessem
3724,Vliermaal,Kortessem
3730,Hoeselt,Hoeselt
3730,Romershoven,Hoeselt
3730,Sint-Huibrechts-Hern,Hoeselt
3730,Werm,Hoeselt
3732,Schalkhoven,Hoeselt
3740,Beverst,Bilzen
3740,Bilzen,Bilzen
3740,Eigenbilzen,Bilzen
3740,Grote-Spouwen,Bilzen
3740,Hees,Bilzen
3740,Kleine-Spouwen,Bilzen
3740,Mopertingen,Bilzen
3740,Munsterbilzen,Bilzen
3740,Rijkhoven,Bilzen
3740,Rosmeer,Bilzen
3740,Spouwen,Bilzen
3740,Waltwilder,Bilzen
3742,Martenslinde,Bilzen
3746,Hoelbeek,Bilzen
3770,Genoelselderen,Riemst
3770,Herderen,Riemst
3770,Kanne,Riemst
3770,Membruggen,Riemst
3770,Millen,Riemst
3770,Riemst,Riemst
3770,Val-Meer,Riemst
3770,Vlijtingen,Riemst
3770,Vroenhoven,Riemst
3770,Zichen-Zussen-Bolder,Riemst
3790,Moelingen,Voeren
3790,Sint-Martens-Voeren,Voeren
3790,Voeren,Voeren
3791,Remersdaal,Voeren
3792,Sint-Pieters-Voeren,Voeren
3793,Teuven,Voeren
3798,s Gravenvoeren,Voeren
3800,Aalst,Sint-Truiden
3800,Brustem,Sint-Truiden
3800,Engelmanshoven,Sint-Truiden
3800,Gelinden,Sint-Truiden
3800,Groot-Gelmen,Sint-Truiden
3800,Halmaal,Sint-Truiden
3800,Kerkom-bij-Sint-Truiden,Sint-Truiden
3800,Ordingen,Sint-Truiden
3800,Sint-Truiden,Sint-Truiden
3800,Zepperen,Sint-Truiden
3803,Duras,Sint-Truiden
3803,Gorsem,Sint-Truiden
3803,Runkelen,Sint-Truiden
3803,Wilderen,Sint-Truiden
3806,Velm,Sint-Truiden
3830,Berlingen,Wellen
3830,Wellen,Wellen
3831,Herten,Wellen
3832,Ulbeek,Wellen
3840,Bommershoven,Borgloon
3840,Borgloon,Borgloon
3840,Broekom,Borgloon
3840,Gors-Opleeuw,Borgloon
3840,Gotem,Borgloon
3840,Groot-Loon,Borgloon
3840,Haren-Borgloon,Borgloon
3840,Hendrieken,Borgloon
3840,Hoepertingen,Borgloon
3840,Jesseren,Borgloon
3840,Kerniel,Borgloon
3840,Kolmont-Borgloon,Borgloon
3840,Kuttekoven,Borgloon
3840,Rijkel,Borgloon
3840,Voort,Borgloon
3850,Binderveld,Nieuwerkerken
3850,Kozen,Nieuwerkerken
3850,Nieuwerkerken,Nieuwerkerken
3850,Wijer,Nieuwerkerken
3870,Batsheers,Heers
3870,Bovelingen,Heers
3870,Gutschoven,Heers
3870,Heers,Heers
3870,Heks,Heers
3870,Horpmaal,Heers
3870,Klein-Gelmen,Heers
3870,Mechelen-Bovelingen,Heers
3870,Mettekoven,Heers
3870,Opheers,Heers
3870,Rukkelingen-Loon,Heers
3870,Vechmaal,Heers
3870,Veulen,Heers
3890,Boekhout,Gingelom
3890,Gingelom,Gingelom
3890,Jeuk,Gingelom
3890,Kortijs,Gingelom
3890,Montenaken,Gingelom
3890,Niel-bij-Sint-Truiden,Gingelom
3890,Vorsen,Gingelom
3891,Borlo,Gingelom
3891,Buvingen,Gingelom
3891,Mielen-boven-Aalst,Gingelom
3891,Muizen,Gingelom
3900,Overpelt,Overpelt
3910,Neerpelt,Neerpelt
3910,Sint-Huibrechts-Lille,Neerpelt
3920,Lommel,Lommel
3930,Achel,Hamont-Achel
3930,Hamont,Hamont-Achel
3930,Hamont-Achel,Hamont-Achel
3940,Hechtel,Hechtel-Eksel
3940,Hechtel-Eksel,Hechtel-Eksel
3941,Eksel,Hechtel-Eksel
3945,Ham,Ham
3945,Kwaadmechelen,Ham
3945,Oostham,Ham
3950,Bocholt,Bocholt
3950,Kaulille,Bocholt
3950,Reppel,Bocholt
3960,Beek,Bree
3960,Bree,Bree
3960,Gerdingen,Bree
3960,Opitter,Bree
3960,Tongerlo,Bree
3970,Leopoldsburg,Leopoldsburg
3971,Heppen,Leopoldsburg
3980,Tessenderlo,Tessenderlo
3990,Grote-Brogel,Peer
3990,Kleine-Brogel,Peer
3990,Peer,Peer
3990,Wijchmaal,Peer
4000,Glain,Liège
4000,Liège,Liège
4000,Rocourt,Liège
4020,Bressoux,Liège
4020,Jupille-sur-Meuse,Liège
4020,Liège,Liège
4020,Wandre,Liège
4030,Grivegnée,Liège
4031,Angleur,Liège
4032,Chênée,Liège
4040,Herstal,Herstal
4041,Milmort,Herstal
4041,Vottem,Herstal
4042,Liers,Herstal
4050,Chaudfontaine,Chaudfontaine
4051,Vaux-sous-Chèvremont,Chaudfontaine
4052,Beaufays,Chaudfontaine
4053,Embourg,Chaudfontaine
4100,Boncelles,Seraing
4100,Seraing,Seraing
4101,Jemeppe-sur-Meuse,Seraing
4102,Ougrée,Seraing
4120,Ehein,Neupré
4120,Neupré,Neupré
4120,Rotheux-Rimière,Neupré
4121,Neuville-en-Condroz,Neupré
4122,Plainevaux,Neupré
4130,Esneux,Esneux
4130,Tilff,Esneux
4140,Dolembreux,Sprimont
4140,Gomzé-Andoumont,Sprimont
4140,Rouvreux,Sprimont
4140,Sprimont,Sprimont
4141,Louveigné,Sprimont
4160,Anthisnes,Anthisnes
4161,Villers-aux-Tours,Anthisnes
4162,Hody,Anthisnes
4163,Tavier,Anthisnes
4170,Comblain-au-Pont,Comblain-au-Pont
4171,Poulseur,Comblain-au-Pont
4180,Comblain-Fairon,Hamoir
4180,Comblain-la-Tour,Hamoir
4180,Hamoir,Hamoir
4181,Filot,Hamoir
4190,Ferrières,Ferrières
4190,My,Ferrières
4190,Vieuxville,Ferrières
4190,Werbomont,Ferrières
4190,Xhoris,Ferrières
4210,Burdinne,Burdinne
4210,Hannêche,Burdinne
4210,Lamontzée,Burdinne
4210,Marneffe,Burdinne
4210,Oteppe,Burdinne
4217,Héron,Héron
4217,Lavoir,Héron
4217,Waret-l'Evêque,Héron
4218,Couthuin,Héron
4219,Acosse,Wasseiges
4219,Ambresin,Wasseiges
4219,Meeffe,Wasseiges
4219,Wasseiges,Wasseiges
4250,Boëlhe,Geer
4250,Geer,Geer
4250,Hollogne-sur-Geer,Geer
4250,Lens-Saint-Servais,Geer
4252,Omal,Geer
4253,Darion,Geer
4254,Ligney,Geer
4257,Berloz,Berloz
4257,Corswarem,Berloz
4257,Rosoux-Crenwick,Berloz
4260,Avennes,Braives
4260,Braives,Braives
4260,Ciplet,Braives
4260,Fallais,Braives
4260,Fumal,Braives
4260,Ville-en-Hesbaye,Braives
4261,Latinne,Braives
4263,Tourinne,Braives
4280,Abolens,Hannut
4280,Avernas-le-Bauduin,Hannut
4280,Avin,Hannut
4280,Bertrée,Hannut
4280,Blehen,Hannut
4280,Cras-Avernas,Hannut
4280,Crehen,Hannut
4280,Grand-Hallet,Hannut
4280,Hannut,Hannut
4280,Lens-Saint-Remy,Hannut
4280,Merdorp,Hannut
4280,Moxhe,Hannut
4280,Petit-Hallet,Hannut
4280,Poucet,Hannut
4280,Thisnes,Hannut
4280,Trognée,Hannut
4280,Villers-le-Peuplier,Hannut
4280,Wansin,Hannut
4287,Lincent,Lincent
4287,Pellaines,Lincent
4287,Racour,Lincent
4300,Bettincourt,Waremme
4300,Bleret,Waremme
4300,Bovenistier,Waremme
4300,Grand-Axhe,Waremme
4300,Lantremange,Waremme
4300,Oleye,Waremme
4300,Waremme,Waremme
4317,Aineffe,Faimes
4317,Borlez,Faimes
4317,Celles,Faimes
4317,Faimes,Faimes
4317,Les Waleffes,Faimes
4317,Viemme,Faimes
4340,Awans,Awans
4340,Fooz,Awans
4340,Othée,Awans
4340,Villers-l'Evêque,Awans
4342,Hognoul,Awans
4347,Fexhe-le-Haut-Clocher,Fexhe-le-Haut-Clocher
4347,Freloux,Fexhe-le-Haut-Clocher
4347,Noville,Fexhe-le-Haut-Clocher
4347,Roloux,Fexhe-le-Haut-Clocher
4347,Voroux-Goreux,Fexhe-le-Haut-Clocher
4350,Lamine,Remicourt
4350,Momalle,Remicourt
4350,Pousset,Remicourt
4350,Remicourt,Remicourt
4351,Hodeige,Remicourt
4357,Donceel,Donceel
4357,Haneffe,Donceel
4357,Jeneffe,Donceel
4357,Limont,Donceel
4360,Bergilers,Oreye
4360,Grandville,Oreye
4360,Lens-sur-Geer,Oreye
4360,Oreye,Oreye
4360,Otrange,Oreye
4367,Crisnée,Crisnée
4367,Fize-le-Marsal,Crisnée
4367,Kemexhe,Crisnée
4367,Odeur,Crisnée
4367,Thys,Crisnée
4400,Awirs,Flémalle
4400,Chokier,Flémalle
4400,Flémalle,Flémalle
4400,Flémalle-Grande,Flémalle
4400,Flémalle-Haute,Flémalle
4400,Gleixhe,Flémalle
4400,Ivoz-Ramet,Flémalle
4400,Mons-lez-Liège,Flémalle
4420,Montegnée,Saint-Nicolas
4420,Saint-Nicolas,Saint-Nicolas
4420,Tilleur,Saint-Nicolas
4430,Ans,Ans
4431,Loncin,Ans
4432,Alleur,Ans
4432,Xhendremael,Ans
4450,Juprelle,Juprelle
4450,Lantin,Juprelle
4450,Slins,Juprelle
4451,Voroux-lez-Liers,Juprelle
4452,Paifve,Juprelle
4452,Wihogne,Juprelle
4453,Villers-Saint-Siméon,Juprelle
4458,Fexhe-Slins,Juprelle
4460,Bierset,Grâce-Hollogne
4460,Grâce-Berleur,Grâce-Hollogne
4460,Grâce-Hollogne,Grâce-Hollogne
4460,Hollogne-aux-Pierres,Grâce-Hollogne
4460,Horion-Hozémont,Grâce-Hollogne
4460,Velroux,Grâce-Hollogne
4470,Saint-Georges-sur-Meuse,Saint-Georges-sur-Meuse
4480,Clermont-sous-Huy,Engis
4480,Engis,Engis
4480,Hermalle-sous-Huy,Engis
4500,Ben-Ahin,Huy
4500,Huy,Huy
4500,Tihange,Huy
4520,Antheit,Wanze
4520,Bas-Oha,Wanze
4520,Huccorgne,Wanze
4520,Moha,Wanze
4520,Vinalmont,Wanze
4520,Wanze,Wanze
4530,Fize-Fontaine,Villers-le-Bouillet
4530,Vaux-et-Borset,Villers-le-Bouillet
4530,Vieux-Waleffe,Villers-le-Bouillet
4530,Villers-le-Bouillet,Villers-le-Bouillet
4530,Warnant-Dreye,Villers-le-Bouillet
4537,Chapon-Seraing,Verlaine
4537,Seraing-le-Château,Verlaine
4537,Verlaine,Verlaine
4540,Amay,Amay
4540,Ampsin,Amay
4540,Flône,Amay
4540,Jehay,Amay
4540,Ombret,Amay
4550,Nandrin,Nandrin
4550,Saint-Séverin,Nandrin
4550,Villers-le-Temple,Nandrin
4550,Yernée-Fraineux,Nandrin
4557,Abée,Tinlot
4557,Fraiture,Tinlot
4557,Ramelot,Tinlot
4557,Seny,Tinlot
4557,Soheit-Tinlot,Tinlot
4557,Tinlot,Tinlot
4560,Bois-et-Borsu,Clavier
4560,Clavier,Clavier
4560,Les Avins,Clavier
4560,Ocquier,Clavier
4560,Pailhe,Clavier
4560,Terwagne,Clavier
4570,Marchin,Marchin
4570,Vyle-et-Tharoul,Marchin
4577,Modave,Modave
4577,Outrelouxhe,Modave
4577,Strée-lez-Huy,Modave
4577,Vierset-Barse,Modave
4590,Ellemelle,Ouffet
4590,Ouffet,Ouffet
4590,Warzée,Ouffet
4600,Lanaye,Visé
4600,Lixhe,Visé
4600,Richelle,Visé
4600,Visé,Visé
4601,Argenteau,Visé
4602,Cheratte,Visé
4606,Saint-André,Dalhem
4607,Berneau,Dalhem
4607,Bombaye,Dalhem
4607,Dalhem,Dalhem
4607,Feneur,Dalhem
4607,Mortroux,Dalhem
4608,Neufchâteau,Dalhem
4608,Warsage,Dalhem
4610,Bellaire,Beyne-Heusay
4610,Beyne-Heusay,Beyne-Heusay
4610,Queue-du-Bois,Beyne-Heusay
4620,Fléron,Fléron
4621,Retinne,Fléron
4623,Magnée,Fléron
4624,Romsée,Fléron
4630,Ayeneux,Soumagne
4630,Micheroux,Soumagne
4630,Soumagne,Soumagne
4630,Tignée,Soumagne
4631,Evegnée,Soumagne
4632,Cérexhe-Heuseux,Soumagne
4633,Melen,Soumagne
4650,Chaineux,Herve
4650,Grand-Rechain,Herve
4650,Herve,Herve
4650,Julémont,Herve
4651,Battice,Herve
4652,Xhendelesse,Herve
4653,Bolland,Herve
4654,Charneux,Herve
4670,Blégny,Blégny
4670,Mortier,Blégny
4670,Trembleur,Blégny
4671,Barchon,Blégny
4671,Housse,Blégny
4671,Saive,Blégny
4672,Saint-Remy,Blégny
4680,Hermée,Oupeye
4680,Oupeye,Oupeye
4681,Hermalle-sous-Argenteau,Oupeye
4682,Heure-le-Romain,Oupeye
4682,Houtain-Saint-Siméon,Oupeye
4683,Vivegnis,Oupeye
4684,Haccourt,Oupeye
4690,Bassenge,Bassenge
4690,Boirs,Bassenge
4690,Eben-Emael,Bassenge
4690,Glons,Bassenge
4690,Roclenge-sur-Geer,Bassenge
4690,Wonck,Bassenge
4700,Eupen,Eupen
4701,Kettenis,Eupen
4710,Lontzen,Lontzen
4711,Walhorn,Lontzen
4720,Kelmis,Kelmis
4721,Neu-Moresnet,Kelmis
4728,Hergenrath,Kelmis
4730,Hauset,Raeren
4730,Raeren,Raeren
4731,Eynatten,Raeren
4750,Bütgenbach,Bütgenbach
4750,Elsenborn,Bütgenbach
4760,Büllingen,Büllingen
4760,Manderfeld,Büllingen
4761,Rocherath,Büllingen
4770,Amel,Amel
4770,Meyerode,Amel
4771,Heppenbach,Amel
4780,Recht,Sankt-Vith
4780,Sankt-Vith,Sankt-Vith
4782,Schönberg,Sankt-Vith
4783,Lommersweiler,Sankt-Vith
4784,Crombach,Sankt-Vith
4790,Burg-Reuland,Burg-Reuland
4790,Reuland,Burg-Reuland
4791,Thommen,Burg-Reuland
4800,Ensival,Verviers
4800,Lambermont,Verviers
4800,Petit-Rechain,Verviers
4800,Verviers,Verviers
4801,Stembert,Verviers
4802,Heusy,Verviers
4820,Dison,Dison
4821,Andrimont,Dison
4830,Limbourg,Limbourg
4831,Bilstain,Limbourg
4834,Goé,Limbourg
4837,Baelen,Baelen
4837,Membach,Baelen
4840,Welkenraedt,Welkenraedt
4841,Henri-Chapelle,Welkenraedt
4845,Jalhay,Jalhay
4845,Sart-lez-Spa,Jalhay
4850,Montzen,Plombières
4850,Moresnet,Plombières
4850,Plombières,Plombières
4851,Gemmenich,Plombières
4851,Sippenaeken,Plombières
4852,Hombourg,Plombières
4860,Cornesse,Pepinster
4860,Pepinster,Pepinster
4860,Wegnez,Pepinster
4861,Soiron,Pepinster
4870,Forêt,Trooz
4870,Fraipont,Trooz
4870,Nessonvaux,Trooz
4870,Trooz,Trooz
4877,Olne,Olne
4880,Aubel,Aubel
4890,Clermont,Thimister-Clermont
4890,Thimister,Thimister-Clermont
4890,Thimister-Clermont,Thimister-Clermont
4900,Spa,Spa
4910,La,Theux
4910,Polleur,Theux
4910,Theux,Theux
4920,Aywaille,Aywaille
4920,Ernonheid,Aywaille
4920,Harzé,Aywaille
4920,Sougné-Remouchamps,Aywaille
4950,Faymonville,Weismes
4950,Robertville,Weismes
4950,Sourbrodt,Weismes
4950,Weismes,Weismes
4960,Bellevaux-Ligneuville,Malmedy
4960,Bevercé,Malmedy
4960,Malmedy,Malmedy
4970,Francorchamps,Stavelot
4970,Stavelot,Stavelot
4980,Fosse,Trois-Ponts
4980,Trois-Ponts,Trois-Ponts
4980,Wanne,Trois-Ponts
4983,Basse-Bodeux,Trois-Ponts
4987,Chevron,Stoumont
4987,La Gleize,Stoumont
4987,Lorcé,Stoumont
4987,Rahier,Stoumont
4987,Stoumont,Stoumont
4990,Arbrefontaine,Lierneux
4990,Bra,Lierneux
4990,Lierneux,Lierneux
5000,Beez,Namur
5000,Namur,Namur
5001,Belgrade,Namur
5002,Saint-Servais,Namur
5003,Saint-Marc,Namur
5004,Bouge,Namur
5020,Champion,Namur
5020,Daussoulx,Namur
5020,Flawinne,Namur
5020,Malonne,Namur
5020,Suarlée,Namur
5020,Temploux,Namur
5020,Vedrin,Namur
5021,Boninne,Namur
5022,Cognelée,Namur
5024,Gelbressée,Namur
5024,Marche-les-Dames,Namur
5030,Beuzet,Gembloux
5030,Ernage,Gembloux
5030,Gembloux,Gembloux
5030,Grand-Manil,Gembloux
5030,Lonzée,Gembloux
5030,Sauvenière,Gembloux
5031,Grand-Leez,Gembloux
5032,Bossière,Gembloux
5032,Bothey,Gembloux
5032,Corroy-le-Château,Gembloux
5032,Isnes,Gembloux
5032,Mazy,Gembloux
5060,Arsimont,Sambreville
5060,Auvelais,Sambreville
5060,Falisolle,Sambreville
5060,Keumiée,Sambreville
5060,Moignelée,Sambreville
5060,Sambreville,Sambreville
5060,Tamines,Sambreville
5060,Velaine-sur-Sambre,Sambreville
5070,Aisemont,Fosses-la-Ville
5070,Fosses-la-Ville,Fosses-la-Ville
5070,Le Roux,Fosses-la-Ville
5070,Sart-Eustache,Fosses-la-Ville
5070,Sart-Saint-Laurent,Fosses-la-Ville
5070,Vitrival,Fosses-la-Ville
5080,Emines,La Bruyère
5080,La Bruyère,La Bruyère
5080,Rhisnes,La Bruyère
5080,Villers-lez-Heest,La Bruyère
5080,Warisoulx,La Bruyère
5081,Bovesse,La Bruyère
5081,Meux,La Bruyère
5081,Saint-Denis-Bovesse,La Bruyère
5100,Dave,Namur
5100,Jambes,Namur
5100,Naninne,Namur
5100,Wépion,Namur
5100,Wierde,Namur
5101,Erpent,Namur
5101,Lives-sur-Meuse,Namur
5101,Loyers,Namur
5140,Boignée,Sombreffe
5140,Ligny,Sombreffe
5140,Sombreffe,Sombreffe
5140,Tongrinne,Sombreffe
5150,Floreffe,Floreffe
5150,Floriffoux,Floreffe
5150,Franière,Floreffe
5150,Soye,Floreffe
5170,Arbre,Profondeville
5170,Bois-de-Villers,Profondeville
5170,Lesve,Profondeville
5170,Lustin,Profondeville
5170,Profondeville,Profondeville
5170,Rivière,Profondeville
5190,Balâtre,Jemeppe-sur-Sambre
5190,Ham-sur-Sambre,Jemeppe-sur-Sambre
5190,Jemeppe-sur-Sambre,Jemeppe-sur-Sambre
5190,Mornimont,Jemeppe-sur-Sambre
5190,Moustier-sur-Sambre,Jemeppe-sur-Sambre
5190,Onoz,Jemeppe-sur-Sambre
5190,Saint-Martin,Jemeppe-sur-Sambre
5190,Spy,Jemeppe-sur-Sambre
5300,Andenne,Andenne
5300,Bonneville,Andenne
5300,Coutisse,Andenne
5300,Landenne,Andenne
5300,Maizeret,Andenne
5300,Namêche,Andenne
5300,Sclayn,Andenne
5300,Seilles,Andenne
5300,Thon,Andenne
5300,Vezin,Andenne
5310,Aische-en-Refail,Eghezée
5310,Bolinne,Eghezée
5310,Boneffe,Eghezée
5310,Branchon,Eghezée
5310,Dhuy,Eghezée
5310,Eghezée,Eghezée
5310,Hanret,Eghezée
5310,Leuze,Eghezée
5310,Liernu,Eghezée
5310,Longchamps,Eghezée
5310,Mehaigne,Eghezée
5310,Noville-sur-Méhaigne,Eghezée
5310,Saint-Germain,Eghezée
5310,Taviers,Eghezée
5310,Upigny,Eghezée
5310,Waret-la-Chaussée,Eghezée
5330,Assesse,Assesse
5330,Maillen,Assesse
5330,Sart-Bernard,Assesse
5332,Crupet,Assesse
5333,Sorinne-la-Longue,Assesse
5334,Florée,Assesse
5336,Courrière,Assesse
5340,Faulx-les-Tombes,Gesves
5340,Gesves,Gesves
5340,Haltinne,Gesves
5340,Mozet,Gesves
5340,Sorée,Gesves
5350,Evelette,Ohey
5350,Ohey,Ohey
5351,Haillot,Ohey
5352,Perwez-Haillot,Ohey
5353,Goesnes,Ohey
5354,Jallet,Ohey
5360,Hamois,Hamois
5360,Natoye,Hamois
5361,Mohiville,Hamois
5361,Scy,Hamois
5362,Achet,Hamois
5363,Emptinne,Hamois
5364,Schaltin,Hamois
5370,Barvaux-Condroz,Havelange
5370,Flostoy,Havelange
5370,Havelange,Havelange
5370,Jeneffe,Havelange
5370,Porcheresse,Havelange
5370,Verlée,Havelange
5372,Méan,Havelange
5374,Maffe,Havelange
5376,Miécret,Havelange
5377,Baillonville,Somme-Leuze
5377,Bonsin,Somme-Leuze
5377,Heure,Somme-Leuze
5377,Hogne,Somme-Leuze
5377,Nettinne,Somme-Leuze
5377,Noiseux,Somme-Leuze
5377,Sinsin,Somme-Leuze
5377,Somme-Leuze,Somme-Leuze
5377,Waillet,Somme-Leuze
5380,Bierwart,Fernelmont
5380,Cortil-Wodon,Fernelmont
5380,Fernelmont,Fernelmont
5380,Forville,Fernelmont
5380,Franc-Waret,Fernelmont
5380,Hemptinne,Fernelmont
5380,Hingeon,Fernelmont
5380,Marchovelette,Fernelmont
5380,Noville-les-Bois,Fernelmont
5380,Pontillas,Fernelmont
5380,Tillier,Fernelmont
5500,Anseremme,Dinant
5500,Bouvignes-sur-Meuse,Dinant
5500,Dinant,Dinant
5500,Dréhance,Dinant
5500,Falmagne,Dinant
5500,Falmignoul,Dinant
5500,Furfooz,Dinant
5501,Lisogne,Dinant
5502,Thynes,Dinant
5503,Sorinnes,Dinant
5504,Foy-Notre-Dame,Dinant
5520,Anthée,Onhaye
5520,Onhaye,Onhaye
5521,Serville,Onhaye
5522,Falaën,Onhaye
5523,Sommière,Onhaye
5523,Weillen,Onhaye
5524,Gerin,Onhaye
5530,Dorinne,Yvoir
5530,Durnal,Yvoir
5530,Evrehailles,Yvoir
5530,Godinne,Yvoir
5530,Houx,Yvoir
5530,Mont,Yvoir
5530,Purnode,Yvoir
5530,Spontin,Yvoir
5530,Yvoir,Yvoir
5537,Anhée,Anhée
5537,Annevoie-Rouillon,Anhée
5537,Bioul,Anhée
5537,Denée,Anhée
5537,Haut-le-Wastia,Anhée
5537,Sosoye,Anhée
5537,Warnant,Anhée
5540,Hastière,Hastière
5540,Hastière-Lavaux,Hastière
5540,Hermeton-sur-Meuse,Hastière
5540,Waulsort,Hastière
5541,Hastière-par-Delà,Hastière
5542,Blaimont,Hastière
5543,Heer,Hastière
5544,Agimont,Hastière
5550,Alle,Vresse-sur-Semois
5550,Bagimont,Vresse-sur-Semois
5550,Bohan,Vresse-sur-Semois
5550,Chairière,Vresse-sur-Semois
5550,Laforêt,Vresse-sur-Semois
5550,Membre,Vresse-sur-Semois
5550,Mouzaive,Vresse-sur-Semois
5550,Nafraiture,Vresse-sur-Semois
5550,Orchimont,Vresse-sur-Semois
5550,Pussemange,Vresse-sur-Semois
5550,Sugny,Vresse-sur-Semois
5550,Vresse-sur-Semois,Vresse-sur-Semois
5555,Baillamont,Bièvre
5555,Bellefontaine,Bièvre
5555,Bièvre,Bièvre
5555,Cornimont,Bièvre
5555,Graide,Bièvre
5555,Gros-Fays,Bièvre
5555,Monceau-en-Ardenne,Bièvre
5555,Naomé,Bièvre
5555,Oizy,Bièvre
5555,Petit-Fays,Bièvre
5560,Ciergnon,Houyet
5560,Finnevaux,Houyet
5560,Houyet,Houyet
5560,Hulsonniaux,Houyet
5560,Mesnil-Eglise,Houyet
5560,Mesnil-Saint-Blaise,Houyet
5561,Celles,Houyet
5562,Custinne,Houyet
5563,Hour,Houyet
5564,Wanlin,Houyet
5570,Baronville,Beauraing
5570,Beauraing,Beauraing
5570,Dion,Beauraing
5570,Felenne,Beauraing
5570,Feschaux,Beauraing
5570,Honnay,Beauraing
5570,Javingue,Beauraing
5570,Vonêche,Beauraing
5570,Wancennes,Beauraing
5570,Winenne,Beauraing
5571,Wiesme,Beauraing
5572,Focant,Beauraing
5573,Martouzin-Neuville,Beauraing
5574,Pondrôme,Beauraing
5575,Bourseigne-Neuve,Gedinne
5575,Bourseigne-Vieille,Gedinne
5575,Gedinne,Gedinne
5575,Houdremont,Gedinne
5575,Louette-Saint-Denis,Gedinne
5575,Louette-Saint-Pierre,Gedinne
5575,Malvoisin,Gedinne
5575,Patignies,Gedinne
5575,Rienne,Gedinne
5575,Sart-Custinne,Gedinne
5575,Vencimont,Gedinne
5575,Willerzie,Gedinne
5576,Froidfontaine,Beauraing
5580,Ave-et-Auffe,Rochefort
5580,Buissonville,Rochefort
5580,Eprave,Rochefort
5580,Han-sur-Lesse,Rochefort
5580,Jemelle,Rochefort
5580,Lavaux-Sainte-Anne,Rochefort
5580,Lessive,Rochefort
5580,Mont-Gauthier,Rochefort
5580,Rochefort,Rochefort
5580,Villers-sur-Lesse,Rochefort
5580,Wavreille,Rochefort
5590,Achêne,Ciney
5590,Braibant,Ciney
5590,Chevetogne,Ciney
5590,Ciney,Ciney
5590,Conneux,Ciney
5590,Haversin,Ciney
5590,Leignon,Ciney
5590,Pessoux,Ciney
5590,Serinchamps,Ciney
5590,Sovet,Ciney
5600,Fagnolle,Philippeville
5600,Franchimont,Philippeville
5600,Jamagne,Philippeville
5600,Jamiolle,Philippeville
5600,Merlemont,Philippeville
5600,Neuville,Philippeville
5600,Omezée,Philippeville
5600,Philippeville,Philippeville
5600,Roly,Philippeville
5600,Romedenne,Philippeville
5600,Samart,Philippeville
5600,Sart-en-Fagne,Philippeville
5600,Sautour,Philippeville
5600,Surice,Philippeville
5600,Villers-en-Fagne,Philippeville
5600,Villers-le-Gambon,Philippeville
5600,Vodecée,Philippeville
5620,Corenne,Florennes
5620,Flavion,Florennes
5620,Florennes,Florennes
5620,Hemptinne-lez-Florennes,Florennes
5620,Morville,Florennes
5620,Rosée,Florennes
5620,Saint-Aubin,Florennes
5621,Hanzinelle,Florennes
5621,Hanzinne,Florennes
5621,Morialmé,Florennes
5621,Thy-le-Bauduin,Florennes
5630,Cerfontaine,Cerfontaine
5630,Daussois,Cerfontaine
5630,Senzeille,Cerfontaine
5630,Silenrieux,Cerfontaine
5630,Soumoy,Cerfontaine
5630,Villers-Deux-Eglises,Cerfontaine
5640,Biesme,Mettet
5640,Biesmerée,Mettet
5640,Graux,Mettet
5640,Mettet,Mettet
5640,Oret,Mettet
5640,Saint-Gérard,Mettet
5641,Furnaux,Mettet
5644,Ermeton-sur-Biert,Mettet
5646,Stave,Mettet
5650,Castillon,Walcourt
5650,Chastrès,Walcourt
5650,Clermont,Walcourt
5650,Fontenelle,Walcourt
5650,Fraire,Walcourt
5650,Pry,Walcourt
5650,Vogenée,Walcourt
5650,Walcourt,Walcourt
5650,Yves-Gomezée,Walcourt
5651,Berzée,Walcourt
5651,Gourdinne,Walcourt
5651,Laneffe,Walcourt
5651,Rognée,Walcourt
5651,Somzée,Walcourt
5651,Tarcienne,Walcourt
5651,Thy-le-Château,Walcourt
5660,Aublain,Couvin
5660,Boussu-en-Fagne,Couvin
5660,Brûly,Couvin
5660,Brûly-de-Pesche,Couvin
5660,Couvin,Couvin
5660,Cul-des-Sarts,Couvin
5660,Dailly,Couvin
5660,Frasnes,Couvin
5660,Gonrieux,Couvin
5660,Mariembourg,Couvin
5660,Pesche,Couvin
5660,Petigny,Couvin
5660,Petite-Chapelle,Couvin
5660,Presgaux,Couvin
5670,Dourbes,Viroinval
5670,Le Mesniel,Viroinval
5670,Mazée,Viroinval
5670,Nismes,Viroinval
5670,Oignies-en-Thiérache,Viroinval
5670,Olloy-sur-Viroin,Viroinval
5670,Treignes,Viroinval
5670,Vierves-sur-Viroin,Viroinval
5670,Viroinval,Viroinval
5680,Doische,Doische
5680,Gimnée,Doische
5680,Gochenée,Doische
5680,Matagne-la-Grande,Doische
5680,Matagne-la-Petite,Doische
5680,Niverlée,Doische
5680,Romerée,Doische
5680,Soulme,Doische
5680,Vaucelles,Doische
5680,Vodelée,Doische
6000,Charleroi,Charleroi
6001,Marcinelle,Charleroi
6010,Couillet,Charleroi
6020,Dampremy,Charleroi
6030,Goutroux,Charleroi
6030,Marchienne-au-Pont,Charleroi
6031,Monceau-sur-Sambre,Charleroi
6032,Mont-sur-Marchienne,Charleroi
6040,Jumet,Charleroi
6041,Gosselies,Charleroi
6042,Lodelinsart,Charleroi
6043,Ransart,Charleroi
6044,Roux,Charleroi
6060,Gilly,Charleroi
6061,Montignies-sur-Sambre,Charleroi
6110,Montigny-le-Tilleul,Montigny-le-Tilleul
6111,Landelies,Montigny-le-Tilleul
6120,Cour-sur-Heure,Ham-sur-Heure-Nalinnes
6120,Ham-sur-Heure,Ham-sur-Heure-Nalinnes
6120,Ham-sur-Heure-Nalinnes,Ham-sur-Heure-Nalinnes
6120,Jamioulx,Ham-sur-Heure-Nalinnes
6120,Marbaix,Ham-sur-Heure-Nalinnes
6120,Nalinnes,Ham-sur-Heure-Nalinnes
6140,Fontaine-l'Evêque,Fontaine-l'Evêque
6141,Forchies-la-Marche,Fontaine-l'Evêque
6142,Leernes,Fontaine-l'Evêque
6150,Anderlues,Anderlues
6180,Courcelles,Courcelles
6181,Gouy-lez-Piéton,Courcelles
6182,Souvret,Courcelles
6183,Trazegnies,Courcelles
6200,Bouffioulx,Châtelet
6200,Châtelet,Châtelet
6200,Châtelineau,Châtelet
6210,Frasnes-lez-Gosselies,Les Bons
6210,Les Bons,Les Bons
6210,Rèves,Les Bons
6210,Villers-Perwin,Les Bons
6210,Wayaux,Les Bons
6211,Mellet,Les Bons
6220,Fleurus,Fleurus
6220,Heppignies,Fleurus
6220,Lambusart,Fleurus
6220,Wangenies,Fleurus
6221,Saint-Amand,Fleurus
6222,Brye,Fleurus
6223,Wagnelée,Fleurus
6224,Wanfercée-Baulet,Fleurus
6230,Buzet,Pont-à-Celles
6230,Obaix,Pont-à-Celles
6230,Pont-à-Celles,Pont-à-Celles
6230,Thiméon,Pont-à-Celles
6230,Viesville,Pont-à-Celles
6238,Liberchies,Pont-à-Celles
6238,Luttre,Pont-à-Celles
6240,Farciennes,Farciennes
6240,Pironchamps,Farciennes
6250,Aiseau,Aiseau-Presles
6250,Aiseau-Presles,Aiseau-Presles
6250,Pont-de-Loup,Aiseau-Presles
6250,Presles,Aiseau-Presles
6250,Roselies,Aiseau-Presles
6280,Acoz,Gerpinnes
6280,Gerpinnes,Gerpinnes
6280,Gougnies,Gerpinnes
6280,Joncret,Gerpinnes
6280,Loverval,Gerpinnes
6280,Villers-Poterie,Gerpinnes
6440,Boussu-lez-Walcourt,Froidchapelle
6440,Fourbechies,Froidchapelle
6440,Froidchapelle,Froidchapelle
6440,Vergnies,Froidchapelle
6441,Erpion,Froidchapelle
6460,Bailièvre,Chimay
6460,Chimay,Chimay
6460,Robechies,Chimay
6460,Saint-Remy,Chimay
6460,Salles,Chimay
6460,Villers-la-Tour,Chimay
6461,Virelles,Chimay
6462,Vaulx-lez-Chimay,Chimay
6463,Lompret,Chimay
6464,Baileux,Chimay
6464,Bourlers,Chimay
6464,Forges,Chimay
6464,l'Escaillère,Chimay
6464,Rièzes,Chimay
6470,Grandrieu,Sivry-Rance
6470,Montbliart,Sivry-Rance
6470,Rance,Sivry-Rance
6470,Sautin,Sivry-Rance
6470,Sivry,Sivry-Rance
6470,Sivry-Rance,Sivry-Rance
6500,Barbençon,Beaumont
6500,Beaumont,Beaumont
6500,Leugnies,Beaumont
6500,Leval-Chaudeville,Beaumont
6500,Renlies,Beaumont
6500,Solre-Saint-Géry,Beaumont
6500,Thirimont,Beaumont
6511,Strée,Beaumont
6530,Leers-et-Fosteau,Thuin
6530,Thuin,Thuin
6531,Biesme-sous-Thuin,Thuin
6532,Ragnies,Thuin
6533,Biercée,Thuin
6534,Gozée,Thuin
6536,Donstiennes,Thuin
6536,Thuillies,Thuin
6540,Lobbes,Lobbes
6540,Mont-Sainte-Geneviève,Lobbes
6542,Sars-la-Buissière,Lobbes
6543,Bienne-lez-Happart,Lobbes
6560,Bersillies-l'Abbaye,Erquelinnes
6560,Erquelinnes,Erquelinnes
6560,Grand-Reng,Erquelinnes
6560,Hantes-Wihéries,Erquelinnes
6560,Montignies-Saint-Christophe,Erquelinnes
6560,Solre-sur-Sambre,Erquelinnes
6567,Fontaine-Valmont,Merbes-le-Château
6567,Labuissière,Merbes-le-Château
6567,Merbes-le-Château,Merbes-le-Château
6567,Merbes-Sainte-Marie,Merbes-le-Château
6590,Momignies,Momignies
6591,Macon,Momignies
6592,Monceau-Imbrechies,Momignies
6593,Macquenoise,Momignies
6594,Beauwelz,Momignies
6596,Forges-Philippe,Momignies
6596,Seloignes,Momignies
6600,Bastogne,Bastogne
6600,Longvilly,Bastogne
6600,Noville,Bastogne
6600,Villers-la-Bonne-Eau,Bastogne
6600,Wardin,Bastogne
6630,Martelange,Martelange
6637,Fauvillers,Fauvillers
6637,Hollange,Fauvillers
6637,Tintange,Fauvillers
6640,Hompré,Vaux-sur-Sûre
6640,Morhet,Vaux-sur-Sûre
6640,Nives,Vaux-sur-Sûre
6640,Sibret,Vaux-sur-Sûre
6640,Vaux-lez-Rosières,Vaux-sur-Sûre
6640,Vaux-sur-Sûre,Vaux-sur-Sûre
6642,Juseret,Vaux-sur-Sûre
6660,Houffalize,Houffalize
6660,Nadrin,Houffalize
6661,Mont,Houffalize
6661,Tailles,Houffalize
6662,Tavigny,Houffalize
6663,Mabompré,Houffalize
6666,Wibrin,Houffalize
6670,Gouvy,Gouvy
6670,Limerlé,Gouvy
6671,Bovigny,Gouvy
6672,Beho,Gouvy
6673,Cherain,Gouvy
6674,Montleban,Gouvy
6680,Amberloup,Sainte-Ode
6680,Sainte-Ode,Sainte-Ode
6680,Tillet,Sainte-Ode
6681,Lavacherie,Sainte-Ode
6686,Flamierge,Bertogne
6687,Bertogne,Bertogne
6688,Longchamps,Bertogne
6690,Bihain,Vielsalm
6690,Vielsalm,Vielsalm
6692,Petit-Thier,Vielsalm
6698,Grand-Halleux,Vielsalm
6700,Arlon,Arlon
6700,Bonnert,Arlon
6700,Heinsch,Arlon
6700,Toernich,Arlon
6704,Guirsch,Arlon
6706,Autelbas,Arlon
6717,Attert,Attert
6717,Nobressart,Attert
6717,Nothomb,Attert
6717,Thiaumont,Attert
6717,Tontelange,Attert
6720,Habay,Habay
6720,Habay-la-Neuve,Habay
6720,Hachy,Habay
6721,Anlier,Habay
6723,Habay-la-Vieille,Habay
6724,Houdemont,Habay
6724,Marbehan,Habay
6724,Rulles,Habay
6730,Bellefontaine,Tintigny
6730,Rossignol,Tintigny
6730,Saint-Vincent,Tintigny
6730,Tintigny,Tintigny
6740,Etalle,Etalle
6740,Sainte-Marie-sur-Semois,Etalle
6740,Villers-sur-Semois,Etalle
6741,Vance,Etalle
6742,Chantemelle,Etalle
6743,Buzenol,Etalle
6747,Châtillon,Saint-Léger
6747,Meix-le-Tige,Saint-Léger
6747,Saint-Léger,Saint-Léger
6750,Musson,Musson
6750,Mussy-la-Ville,Musson
6750,Signeulx,Musson
6760,Bleid,Virton
6760,Ethe,Virton
6760,Ruette,Virton
6760,Virton,Virton
6761,Latour,Virton
6762,Saint-Mard,Virton
6767,Dampicourt,Rouvroy
6767,Harnoncourt,Rouvroy
6767,Lamorteau,Rouvroy
6767,Rouvroy,Rouvroy
6767,Torgny,Rouvroy
6769,Gérouville,Meix-devant-Virton
6769,Meix-devant-Virton,Meix-devant-Virton
6769,Robelmont,Meix-devant-Virton
6769,Sommethonne,Meix-devant-Virton
6769,Villers-la-Loue,Meix-devant-Virton
6780,Hondelange,Messancy
6780,Messancy,Messancy
6780,Wolkrange,Messancy
6781,Sélange,Messancy
6782,Habergy,Messancy
6790,Aubange,Aubange
6791,Athus,Aubange
6792,Halanzy,Aubange
6792,Rachecourt,Aubange
6800,Bras,Libramont-Chevigny
6800,Freux,Libramont-Chevigny
6800,Libramont,Libramont-Chevigny
6800,Libramont-Chevigny,Libramont-Chevigny
6800,Moircy,Libramont-Chevigny
6800,Recogne,Libramont-Chevigny
6800,Remagne,Libramont-Chevigny
6800,Sainte-Marie-Chevigny,Libramont-Chevigny
6800,Saint-Pierre,Libramont-Chevigny
6810,Chiny,Chiny
6810,Izel,Chiny
6810,Jamoigne,Chiny
6811,Les Bulles,Chiny
6812,Suxy,Chiny
6813,Termes,Chiny
6820,Florenville,Florenville
6820,Fontenoille,Florenville
6820,Muno,Florenville
6820,Sainte-Cécile,Florenville
6821,Lacuisine,Florenville
6823,Villers-devant-Orval,Florenville
6824,Chassepierre,Florenville
6830,Bouillon,Bouillon
6830,Les Hayons,Bouillon
6830,Poupehan,Bouillon
6830,Rochehaut,Bouillon
6831,Noirefontaine,Bouillon
6832,Sensenruth,Bouillon
6833,Ucimont,Bouillon
6833,Vivy,Bouillon
6834,Bellevaux,Bouillon
6836,Dohan,Bouillon
6838,Corbion,Bouillon
6840,Grandvoir,Neufchâteau
6840,Grapfontaine,Neufchâteau
6840,Hamipré,Neufchâteau
6840,Longlier,Neufchâteau
6840,Neufchâteau,Neufchâteau
6840,Tournay,Neufchâteau
6850,Carlsbourg,Paliseul
6850,Offagne,Paliseul
6850,Paliseul,Paliseul
6851,Nollevaux,Paliseul
6852,Maissin,Paliseul
6852,Opont,Paliseul
6853,Framont,Paliseul
6856,Fays-les-Veneurs,Paliseul
6860,Assenois,Léglise
6860,Ebly,Léglise
6860,Léglise,Léglise
6860,Mellier,Léglise
6860,Witry,Léglise
6870,Arville,Saint-Hubert
6870,Awenne,Saint-Hubert
6870,Hatrival,Saint-Hubert
6870,Mirwart,Saint-Hubert
6870,Saint-Hubert,Saint-Hubert
6870,Vesqueville,Saint-Hubert
6880,Auby-sur-Semois,Bertrix
6880,Bertrix,Bertrix
6880,Cugnon,Bertrix
6880,Jehonville,Bertrix
6880,Orgeo,Bertrix
6887,Herbeumont,Herbeumont
6887,Saint-Médard,Herbeumont
6887,Straimont,Herbeumont
6890,Anloy,Libin
6890,Libin,Libin
6890,Ochamps,Libin
6890,Redu,Libin
6890,Smuid,Libin
6890,Transinne,Libin
6890,Villance,Libin
6900,Aye,Marche-en-Famenne
6900,Hargimont,Marche-en-Famenne
6900,Humain,Marche-en-Famenne
6900,Marche-en-Famenne,Marche-en-Famenne
6900,On,Marche-en-Famenne
6900,Roy,Marche-en-Famenne
6900,Waha,Marche-en-Famenne
6920,Sohier,Wellin
6920,Wellin,Wellin
6921,Chanly,Wellin
6922,Halma,Wellin
6924,Lomprez,Wellin
6927,Bure,Tellin
6927,Grupont,Tellin
6927,Resteigne,Tellin
6927,Tellin,Tellin
6929,Daverdisse,Daverdisse
6929,Gembes,Daverdisse
6929,Haut-Fays,Daverdisse
6929,Porcheresse,Daverdisse
6940,Barvaux-sur-Ourthe,Durbuy
6940,Durbuy,Durbuy
6940,Grandhan,Durbuy
6940,Septon,Durbuy
6940,Wéris,Durbuy
6941,Bende,Durbuy
6941,Bomal-sur-Ourthe,Durbuy
6941,Borlon,Durbuy
6941,Heyd,Durbuy
6941,Izier,Durbuy
6941,Tohogne,Durbuy
6941,Villers-Sainte-Gertrude,Durbuy
6950,Harsin,Nassogne
6950,Nassogne,Nassogne
6951,Bande,Nassogne
6952,Grune,Nassogne
6953,Ambly,Nassogne
6953,Forrières,Nassogne
6953,Lesterny,Nassogne
6953,Masbourg,Nassogne
6960,Dochamps,Manhay
6960,Grandmenil,Manhay
6960,Harre,Manhay
6960,Malempré,Manhay
6960,Manhay,Manhay
6960,Odeigne,Manhay
6960,Vaux-Chavanne,Manhay
6970,Tenneville,Tenneville
6971,Champlon,Tenneville
6972,Erneuville,Tenneville
6980,Beausaint,La-Roche-en-Ardenne
6980,La-Roche-en-Ardenne,La-Roche-en-Ardenne
6982,Samrée,La-Roche-en-Ardenne
6983,Ortho,La-Roche-en-Ardenne
6984,Hives,La-Roche-en-Ardenne
6986,Halleux,La-Roche-en-Ardenne
6987,Beffe,Rendeux
6987,Hodister,Rendeux
6987,Marcourt,Rendeux
6987,Rendeux,Rendeux
6990,Fronville,Hotton
6990,Hampteau,Hotton
6990,Hotton,Hotton
6990,Marenne,Hotton
6997,Amonines,Erezée
6997,Erezée,Erezée
6997,Mormont,Erezée
6997,Soy,Erezée
7000,Mons,Mons
7011,Ghlin,Mons
7012,Flénu,Mons
7012,Jemappes,Mons
7020,Maisières,Mons
7020,Nimy,Mons
7021,Havré,Mons
7022,Harmignies,Mons
7022,Harveng,Mons
7022,Hyon,Mons
7022,Mesvin,Mons
7022,Nouvelles,Mons
7024,Ciply,Mons
7030,Saint-Symphorien,Mons
7031,Villers-Saint-Ghislain,Mons
7032,Spiennes,Mons
7033,Cuesmes,Mons
7034,Obourg,Mons
7034,Saint-Denis,Mons
7040,Asquillies,Quévy
7040,Aulnois,Quévy
7040,Blaregnies,Quévy
7040,Bougnies,Quévy
7040,Genly,Quévy
7040,Goegnies-Chaussée,Quévy
7040,Quévy,Quévy
7040,Quévy-le-Grand,Quévy
7040,Quévy-le-Petit,Quévy
7041,Givry,Quévy
7041,Havay,Quévy
7050,Erbaut,Jurbise
7050,Erbisoeul,Jurbise
7050,Herchies,Jurbise
7050,Jurbise,Jurbise
7050,Masnuy-Saint-Jean,Jurbise
7050,Masnuy-Saint-Pierre,Jurbise
7060,Horrues,Soignies
7060,Soignies,Soignies
7061,Casteau,Soignies
7061,Thieusies,Soignies
7062,Naast,Soignies
7063,Chaussée-Notre-Dame-Louvignies,Soignies
7063,Neufvilles,Soignies
7070,Gottignies,Le Roeulx
7070,Le Roeulx,Le Roeulx
7070,Mignault,Le Roeulx
7070,Thieu,Le Roeulx
7070,Ville-sur-Haine,Le Roeulx
7080,Eugies,Frameries
7080,Frameries,Frameries
7080,La bouverie,Frameries
7080,Noirchain,Frameries
7080,Sars-la-Bruyère,Frameries
7090,Braine-le-Comte,Braine-le-Comte
7090,Hennuyères,Braine-le-Comte
7090,Henripont,Braine-le-Comte
7090,Petit-Roeulx-lez-Braine,Braine-le-Comte
7090,Ronquières,Braine-le-Comte
7090,Steenkerque,Braine-le-Comte
7100,Haine-Saint-Paul,La Louvière
7100,Haine-Saint-Pierre,La Louvière
7100,La Louvière,La Louvière
7100,Saint-Vaast,La Louvière
7100,Trivières,La Louvière
7110,Boussoit,La Louvière
7110,Houdeng-Aimeries,La Louvière
7110,Houdeng-Goegnies,La Louvière
7110,Maurage,La Louvière
7110,Strépy-Bracquegnies,La Louvière
7120,Croix-lez-Rouveroy,Estinnes
7120,Estinnes,Estinnes
7120,Estinnes-au-Mont,Estinnes
7120,Estinnes-au-Val,Estinnes
7120,Fauroeulx,Estinnes
7120,Haulchin,Estinnes
7120,Peissant,Estinnes
7120,Rouveroy,Estinnes
7120,Vellereille-les-Brayeux,Estinnes
7120,Vellereille-le-Sec,Estinnes
7130,Battignies,Binche
7130,Binche,Binche
7130,Bray,Binche
7131,Waudrez,Binche
7133,Buvrinnes,Binche
7134,Epinois,Binche
7134,Leval-Trahegnies,Binche
7134,Péronnes-lez-Binche,Binche
7134,Ressaix,Binche
7140,Morlanwelz,Morlanwelz
7140,Morlanwelz-Mariemont,Morlanwelz
7141,Carnières,Morlanwelz
7141,Mont-Sainte-Aldegonde,Morlanwelz
7160,Chapelle-lez-Herlaimont,Chapelle-lez-Herlaimont
7160,Godarville,Chapelle-lez-Herlaimont
7160,Piéton,Chapelle-lez-Herlaimont
7170,Bellecourt,Manage
7170,Bois-d'Haine,Manage
7170,Fayt-lez-Manage,Manage
7170,La Hestre,Manage
7170,Manage,Manage
7180,Seneffe,Seneffe
7181,Arquennes,Seneffe
7181,Familleureux,Seneffe
7181,Feluy,Seneffe
7181,Petit-Roeulx-lez-Nivelles,Seneffe
7190,Ecaussinnes,Ecaussinnes
7190,Ecaussinnes-d'Enghien,Ecaussinnes
7190,Marche-lez-Ecaussinnes,Ecaussinnes
7191,Ecaussinnes-Lalaing,Ecaussinnes
7300,Boussu,Boussu
7301,Hornu,Boussu
7320,Bernissart,Bernissart
7321,Blaton,Bernissart
7321,Harchies,Bernissart
7322,Pommeroeul,Bernissart
7322,Ville-Pommeroeul,Bernissart
7330,Saint-Ghislain,Saint-Ghislain
7331,Baudour,Saint-Ghislain
7332,Neufmaison,Saint-Ghislain
7332,Sirault,Saint-Ghislain
7333,Tertre,Saint-Ghislain
7334,Hautrage,Saint-Ghislain
7334,Villerot,Saint-Ghislain
7340,Colfontaine,Colfontaine
7340,Paturages,Colfontaine
7340,Warquignies,Colfontaine
7340,Wasmes,Colfontaine
7350,Hainin,Hensies
7350,Hensies,Hensies
7350,Montroeul-sur-Haine,Hensies
7350,Thulin,Hensies
7370,Blaugies,Dour
7370,Dour,Dour
7370,Elouges,Dour
7370,Wihéries,Dour
7380,Baisieux,Quiévrain
7380,Quiévrain,Quiévrain
7382,Audregnies,Quiévrain
7387,Angre,Honnelles
7387,Angreau,Honnelles
7387,Athis,Honnelles
7387,Autreppe,Honnelles
7387,Erquennes,Honnelles
7387,Fayt-le-Franc,Honnelles
7387,Honnelles,Honnelles
7387,Marchipont,Honnelles
7387,Montignies-sur-Roc,Honnelles
7387,Onnezies,Honnelles
7387,Roisin,Honnelles
7390,Quaregnon,Quaregnon
7390,Wasmuel,Quaregnon
7500,Ere,Tournai
7500,Saint-Maur,Tournai
7500,Tournai,Tournai
7501,Orcq,Tournai
7502,Esplechin,Tournai
7503,Froyennes,Tournai
7504,Froidmont,Tournai
7506,Willemeau,Tournai
7520,Ramegnies-Chin,Tournai
7520,Templeuve,Tournai
7521,Chercq,Tournai
7522,Blandain,Tournai
7522,Hertain,Tournai
7522,Lamain,Tournai
7522,Marquain,Tournai
7530,Gaurain-Ramecroix,Tournai
7531,Havinnes,Tournai
7532,Beclers,Tournai
7533,Thimougies,Tournai
7534,Barry,Tournai
7534,Maulde,Tournai
7536,Vaulx,Tournai
7538,Vezon,Tournai
7540,Kain,Tournai
7540,Melles,Tournai
7540,Quartes,Tournai
7540,Rumillies,Tournai
7542,Mont-Saint-Aubert,Tournai
7543,Mourcourt,Tournai
7548,Warchin,Tournai
7600,Péruwelz,Péruwelz
7601,Roucourt,Péruwelz
7602,Bury,Péruwelz
7603,Bon-Secours,Péruwelz
7604,Baugnies,Péruwelz
7604,Braffe,Péruwelz
7604,Brasmenil,Péruwelz
7604,Callenelle,Péruwelz
7604,Wasmes-Audemez-Briffoeil,Péruwelz
7608,Wiers,Péruwelz
7610,Rumes,Rumes
7611,La Glanerie,Rumes
7618,Taintignies,Rumes
7620,Bléharies,Brunehaut
7620,Brunehaut,Brunehaut
7620,Guignies,Brunehaut
7620,Hollain,Brunehaut
7620,Jollain-Merlin,Brunehaut
7620,Wez-Velvain,Brunehaut
7621,Lesdain,Brunehaut
7622,Laplaigne,Brunehaut
7623,Rongy,Brunehaut
7624,Howardries,Brunehaut
7640,Antoing,Antoing
7640,Maubray,Antoing
7640,Péronnes-lez-Antoing,Antoing
7641,Bruyelle,Antoing
7642,Calonne,Antoing
7643,Fontenoy,Antoing
7700,Luingne,Moeskroen
7700,Moeskroen,Moeskroen
7711,Dottenijs,Moeskroen
7712,Herseaux,Moeskroen
7730,Bailleul,Estaimpuis
7730,Estaimbourg,Estaimpuis
7730,Estaimpuis,Estaimpuis
7730,Evregnies,Estaimpuis
7730,Leers-Nord,Estaimpuis
7730,Néchin,Estaimpuis
7730,Saint-Léger,Estaimpuis
7740,Pecq,Pecq
7740,Warcoing,Pecq
7742,Hérinnes-lez-Pecq,Pecq
7743,Esquelmes,Pecq
7743,Obigies,Pecq
7750,Amougies,Mont-de-l'Enclus
7750,Anseroeul,Mont-de-l'Enclus
7750,Mont-de-l'Enclus,Mont-de-l'Enclus
7750,Orroir,Mont-de-l'Enclus
7750,Russeignies,Mont-de-l'Enclus
7760,Celles,Celles
7760,Escanaffles,Celles
7760,Molenbaix,Celles
7760,Popuelles,Celles
7760,Pottes,Celles
7760,Velaines,Celles
7780,Komen,Komen-Waasten
7780,Komen-Waasten,Komen-Waasten
7781,Houthem,Komen-Waasten
7782,Ploegsteert,Komen-Waasten
7783,Bizet,Komen-Waasten
7784,Neerwaasten,Komen-Waasten
7784,Waasten,Komen-Waasten
7800,Ath,Ath
7800,Lanquesaint,Ath
7801,Irchonwelz,Ath
7802,Ormeignies,Ath
7803,Bouvignies,Ath
7804,Ostiches,Ath
7804,Rebaix,Ath
7810,Maffle,Ath
7811,Arbre,Ath
7812,Houtaing,Ath
7812,Ligne,Ath
7812,Mainvault,Ath
7812,Moulbaix,Ath
7812,Villers-Notre-Dame,Ath
7812,Villers-Saint-Amand,Ath
7822,Ghislenghien,Ath
7822,Isières,Ath
7822,Meslin-l'Evêque,Ath
7823,Gibecq,Ath
7830,Bassilly,Silly
7830,Fouleng,Silly
7830,Gondregnies,Silly
7830,Graty,Silly
7830,Hellebecq,Silly
7830,Hoves,Silly
7830,Silly,Silly
7830,Thoricourt,Silly
7850,Edingen,Edingen
7850,Mark,Edingen
7850,Lettelingen,Edingen
7860,Lessines,Lessines
7861,Papignies,Lessines
7861,Wannebecq,Lessines
7862,Ogy,Lessines
7863,Ghoy,Lessines
7864,Deux-Acren,Lessines
7866,Bois-de-Lessines,Lessines
7866,Ollignies,Lessines
7870,Bauffe,Lens
7870,Cambron-Saint-Vincent,Lens
7870,Lens,Lens
7870,Lombise,Lens
7870,Montignies-lez-Lens,Lens
7880,Vloesberg,Vloesberg
7890,Ellezelles,Ellezelles
7890,Lahamaide,Ellezelles
7890,Wodecq,Ellezelles
7900,Grandmetz,Leuze-en-Hainaut
7900,Leuze-en-Hainaut,Leuze-en-Hainaut
7901,Thieulain,Leuze-en-Hainaut
7903,Blicquy,Leuze-en-Hainaut
7903,Chapelle-à-Oie,Leuze-en-Hainaut
7903,Chapelle-à-Wattines,Leuze-en-Hainaut
7904,Pipaix,Leuze-en-Hainaut
7904,Tourpes,Leuze-en-Hainaut
7904,Willaupuis,Leuze-en-Hainaut
7906,Gallaix,Leuze-en-Hainaut
7910,Anvaing,Frasnes-lez-Anvaing
7910,Arc-Ainières,Frasnes-lez-Anvaing
7910,Arc-Wattripont,Frasnes-lez-Anvaing
7910,Cordes,Frasnes-lez-Anvaing
7910,Ellignies-lez-Frasnes,Frasnes-lez-Anvaing
7910,Forest,Frasnes-lez-Anvaing
7910,Frasnes-lez-Anvaing,Frasnes-lez-Anvaing
7910,Wattripont,Frasnes-lez-Anvaing
7911,Buissenal,Frasnes-lez-Anvaing
7911,Frasnes-lez-Buissenal,Frasnes-lez-Anvaing
7911,Hacquegnies,Frasnes-lez-Anvaing
7911,Herquegies,Frasnes-lez-Anvaing
7911,Montroeul-au-Bois,Frasnes-lez-Anvaing
7911,Moustier,Frasnes-lez-Anvaing
7911,Oeudeghien,Frasnes-lez-Anvaing
7912,Dergneau,Frasnes-lez-Anvaing
7912,Saint-Sauveur,Frasnes-lez-Anvaing
7940,Brugelette,Brugelette
7940,Cambron-Casteau,Brugelette
7941,Attre,Brugelette
7942,Mévergnies-lez-Lens,Brugelette
7943,Gages,Brugelette
7950,Chièvres,Chièvres
7950,Grosage,Chièvres
7950,Huissignies,Chièvres
7950,Ladeuze,Chièvres
7950,Tongre-Saint-Martin,Chièvres
7951,Tongre-Notre-Dame,Chièvres
7970,Beloeil,Beloeil
7971,Basècles,Beloeil
7971,Ramegnies,Beloeil
7971,Thumaide,Beloeil
7971,Wadelincourt,Beloeil
7972,Aubechies,Beloeil
7972,Ellignies-Sainte-Anne,Beloeil
7972,Quevaucamps,Beloeil
7973,Grandglise,Beloeil
7973,Stambruges,Beloeil
8000,Brugge,Brugge
8000,Koolkerke,Brugge
8020,Hertsberge,Oostkamp
8020,Oostkamp,Oostkamp
8020,Ruddervoorde,Oostkamp
8020,Waardamme,Oostkamp
8200,Sint-Andries,Brugge
8200,Sint-Michiels,Brugge
8210,Loppem,Zedelgem
8210,Veldegem,Zedelgem
8210,Zedelgem,Zedelgem
8211,Aartrijke,Zedelgem
8300,Knokke,Knokke-Heist
8300,Knokke-Heist,Knokke-Heist
8300,Westkapelle,Knokke-Heist
8301,Heist-aan-Zee,Knokke-Heist
8301,Ramskapelle-Knokke-Heist,Knokke-Heist
8310,Assebroek,Brugge
8310,Sint-Kruis,Brugge
8340,Damme,Damme
8340,Hoeke,Damme
8340,Lapscheure,Damme
8340,Moerkerke,Damme
8340,Oostkerke-Damme,Damme
8340,Sijsele,Damme
8370,Blankenberge,Blankenberge
8370,Uitkerke,Blankenberge
8377,Houtave,Zuienkerke
8377,Meetkerke,Zuienkerke
8377,Nieuwmunster,Zuienkerke
8377,Zuienkerke,Zuienkerke
8380,Dudzele,Brugge
8380,Lissewege,Brugge
8380,Zeebrugge,Brugge
8400,Oostende,Oostende
8400,Stene,Oostende
8400,Zandvoorde-Oostende,Oostende
8420,De Haan,De Haan
8420,Klemskerke,De Haan
8420,Wenduine,De Haan
8421,Vlissegem,De Haan
8430,Middelkerke,Middelkerke
8431,Wilskerke,Middelkerke
8432,Leffinge,Middelkerke
8433,Mannekensvere,Middelkerke
8433,Schore,Middelkerke
8433,Sint-Pieters-Kapelle,Middelkerke
8433,Slijpe,Middelkerke
8433,Spermalie,Middelkerke
8434,Lombardsijde,Middelkerke
8434,Westende,Middelkerke
8450,Bredene,Bredene
8460,Ettelgem,Oudenburg
8460,Oudenburg,Oudenburg
8460,Roksem,Oudenburg
8460,Westkerke,Oudenburg
8470,Gistel,Gistel
8470,Moere,Gistel
8470,Snaaskerke,Gistel
8470,Zevekote,Gistel
8480,Bekegem,Ichtegem
8480,Eernegem,Ichtegem
8480,Ichtegem,Ichtegem
8490,Jabbeke,Jabbeke
8490,Snellegem,Jabbeke
8490,Stalhille,Jabbeke
8490,Varsenare,Jabbeke
8490,Zerkegem,Jabbeke
8500,Kortrijk,Kortrijk
8501,Bissegem,Kortrijk
8501,Heule,Kortrijk
8510,Bellegem,Kortrijk
8510,Kooigem,Kortrijk
8510,Marke,Kortrijk
8510,Rollegem,Kortrijk
8511,Aalbeke,Kortrijk
8520,Kuurne,Kuurne
8530,Harelbeke,Harelbeke
8531,Bavikhove,Harelbeke
8531,Hulste,Harelbeke
8540,Deerlijk,Deerlijk
8550,Zwevegem,Zwevegem
8551,Heestert,Zwevegem
8552,Moen,Zwevegem
8553,Otegem,Zwevegem
8554,Sint-Denijs,Zwevegem
8560,Gullegem,Wevelgem
8560,Moorsele,Wevelgem
8560,Wevelgem,Wevelgem
8570,Anzegem,Anzegem
8570,Gijzelbrechtegem,Anzegem
8570,Ingooigem,Anzegem
8570,Vichte,Anzegem
8572,Kaster,Anzegem
8573,Tiegem,Anzegem
8580,Avelgem,Avelgem
8581,Kerkhove,Avelgem
8581,Waarmaarde,Avelgem
8582,Outrijve,Avelgem
8583,Bossuit,Avelgem
8587,Helkijn,Spiere-Helkijn
8587,Spiere,Spiere-Helkijn
8587,Spiere-Helkijn,Spiere-Helkijn
8600,Beerst,Diksmuide
8600,Diksmuide,Diksmuide
8600,Driekapellen,Diksmuide
8600,Esen,Diksmuide
8600,Kaaskerke,Diksmuide
8600,Keiem,Diksmuide
8600,Lampernisse,Diksmuide
8600,Leke,Diksmuide
8600,Nieuwkapelle,Diksmuide
8600,Oostkerke-Diksmuide,Diksmuide
8600,Oudekapelle,Diksmuide
8600,Pervijze,Diksmuide
8600,Sint-Jacobs-Kapelle,Diksmuide
8600,Stuivekenskerke,Diksmuide
8600,Vladslo,Diksmuide
8600,Woumen,Diksmuide
8610,Handzame,Kortemark
8610,Kortemark,Kortemark
8610,Werken,Kortemark
8610,Zarren,Kortemark
8620,Nieuwpoort,Nieuwpoort
8620,Ramskapelle-Nieuwpoort,Nieuwpoort
8620,Sint-Joris-Nieuwpoort,Nieuwpoort
8630,Avekapelle,Veurne
8630,Beauvoorde,Veurne
8630,Booitshoeke,Veurne
8630,Bulskamp,Veurne
8630,De Moeren,Veurne
8630,Eggewaartskapelle,Veurne
8630,Houtem,Veurne
8630,Steenkerke,Veurne
8630,Veurne,Veurne
8630,Vinkem,Veurne
8630,Wulveringem,Veurne
8630,Zoutenaaie,Veurne
8640,Oostvleteren,Vleteren
8640,Vleteren,Vleteren
8640,Westvleteren,Vleteren
8640,Woesten,Vleteren
8647,Lo,Lo-Reninge
8647,Lo-Reninge,Lo-Reninge
8647,Noordschote,Lo-Reninge
8647,Pollinkhove,Lo-Reninge
8647,Reninge,Lo-Reninge
8650,Houthulst,Houthulst
8650,Klerken,Houthulst
8650,Merkem,Houthulst
8660,Adinkerke,De Panne
8660,De Panne,De Panne
8670,Koksijde,Koksijde
8670,Oostduinkerke,Koksijde
8670,Wulpen,Koksijde
8680,Bovekerke,Koekelare
8680,Koekelare,Koekelare
8680,Zande,Koekelare
8690,Alveringem,Alveringem
8690,Hoogstade,Alveringem
8690,Oeren,Alveringem
8690,Sint-Rijkers,Alveringem
8691,Beveren-aan-den-Ijzer,Alveringem
8691,Gijverinkhove,Alveringem
8691,Izenberge,Alveringem
8691,Leisele,Alveringem
8691,Stavele,Alveringem
8700,Aarsele,Tielt
8700,Kanegem,Tielt
8700,Schuiferskapelle,Tielt
8700,Tielt,Tielt
8710,Ooigem,Wielsbeke
8710,Sint-Baafs-Vijve,Wielsbeke
8710,Wielsbeke,Wielsbeke
8720,Dentergem,Dentergem
8720,Markegem,Dentergem
8720,Oeselgem,Dentergem
8720,Wakken,Dentergem
8730,Beernem,Beernem
8730,Oedelem,Beernem
8730,Sint-Joris-Beernem,Beernem
8740,Egem,Pittem
8740,Pittem,Pittem
8750,Wingene,Wingene
8750,Zwevezele,Wingene
8755,Ruiselede,Ruiselede
8760,Meulebeke,Meulebeke
8770,Ingelmunster,Ingelmunster
8780,Oostrozebeke,Oostrozebeke
8790,Waregem,Waregem
8791,Beveren-Leie,Waregem
8792,Desselgem,Waregem
8793,Sint-Eloois-Vijve,Waregem
8800,Beveren-Roeselare,Roeselare
8800,Oekene,Roeselare
8800,Roeselare,Roeselare
8800,Rumbeke,Roeselare
8810,Lichtervelde,Lichtervelde
8820,Torhout,Torhout
8830,Gits,Hooglede
8830,Hooglede,Hooglede
8840,Oostnieuwkerke,Staden
8840,Staden,Staden
8840,Westrozebeke,Staden
8850,Ardooie,Ardooie
8851,Koolskamp,Ardooie
8860,Lendelede,Lendelede
8870,Emelgem,Izegem
8870,Izegem,Izegem
8870,Kachtem,Izegem
8880,Ledegem,Ledegem
8880,Rollegem-Kapelle,Ledegem
8880,Sint-Eloois-Winkel,Ledegem
8890,Dadizele,Moorslede
8890,Moorslede,Moorslede
8900,Brielen,Ieper
8900,Dikkebus,Ieper
8900,Ieper,Ieper
8900,Sint-Jan,Ieper
8902,Hollebeke,Ieper
8902,Voormezele,Ieper
8902,Zillebeke,Ieper
8904,Boezinge,Ieper
8904,Zuidschote,Ieper
8906,Elverdinge,Ieper
8908,Vlamertinge,Ieper
8920,Bikschote,Langemark-Poelkapelle
8920,Langemark,Langemark-Poelkapelle
8920,Langemark-Poelkapelle,Langemark-Poelkapelle
8920,Poelkapelle,Langemark-Poelkapelle
8930,Lauwe,Menen
8930,Menen,Menen
8930,Rekkem,Menen
8940,Geluwe,Wervik
8940,Wervik,Wervik
8950,Heuvelland,Heuvelland
8950,Nieuwkerke,Heuvelland
8951,Dranouter,Heuvelland
8952,Wulvergem,Heuvelland
8953,Wijtschate,Heuvelland
8954,Westouter,Heuvelland
8956,Kemmel,Heuvelland
8957,Mesen,Mesen
8958,Loker,Heuvelland
8970,Poperinge,Poperinge
8970,Reningelst,Poperinge
8972,Krombeke,Poperinge
8972,Proven,Poperinge
8972,Roesbrugge-Haringe,Poperinge
8978,Watou,Poperinge
8980,Beselare,Zonnebeke
8980,Geluveld,Zonnebeke
8980,Passendale,Zonnebeke
8980,Zandvoorde-Zonnebeke,Zonnebeke
8980,Zonnebeke,Zonnebeke
9000,Gent,Gent
9030,Mariakerke,Gent
9031,Drongen,Gent
9032,Wondelgem,Gent
9040,Sint-Amandsberg,Gent
9041,Oostakker,Gent
9042,Desteldonk,Gent
9042,Mendonk,Gent
9042,Sint-Kruis-Winkel,Gent
9050,Gentbrugge,Gent
9050,Ledeberg,Gent
9051,Afsnee,Gent
9051,Sint-Denijs-Westrem,Gent
9052,Zwijnaarde,Gent
9060,Zelzate,Zelzate
9070,Destelbergen,Destelbergen
9070,Heusden,Destelbergen
9080,Beervelde,Lochristi
9080,Lochristi,Lochristi
9080,Zaffelare,Lochristi
9080,Zeveneken,Lochristi
9090,Gontrode,Melle
9090,Melle,Melle
9100,Nieuwkerken-Waas,Sint-Niklaas
9100,Sint-Niklaas,Sint-Niklaas
9111,Belsele,Sint-Niklaas
9112,Sinaai-Waas,Sint-Niklaas
9120,Beveren-Waas,Beveren-Waas
9120,Haasdonk,Beveren-Waas
9120,Kallo,Beveren-Waas
9120,Melsele,Beveren-Waas
9120,Vrasene,Beveren-Waas
9130,Doel,Beveren-Waas
9130,Kallo-Kieldrecht,Beveren-Waas
9130,Kieldrecht,Beveren-Waas
9130,Verrebroek,Beveren-Waas
9140,Elversele,Temse
9140,Steendorp,Temse
9140,Temse,Temse
9140,Tielrode,Temse
9150,Bazel,Kruibeke
9150,Kruibeke,Kruibeke
9150,Rupelmonde,Kruibeke
9160,Daknam,Lokeren
9160,Eksaarde,Lokeren
9160,Lokeren,Lokeren
9170,De Klinge,Sint-Gillis-Waas
9170,Meerdonk,Sint-Gillis-Waas
9170,Sint-Gillis-Waas,Sint-Gillis-Waas
9170,Sint-Pauwels,Sint-Gillis-Waas
9180,Moerbeke-Waas,Moerbeke-Waas
9185,Wachtebeke,Wachtebeke
9190,Kemzeke,Stekene
9190,Stekene,Stekene
9200,Appels,Dendermonde
9200,Baasrode,Dendermonde
9200,Dendermonde,Dendermonde
9200,Grembergen,Dendermonde
9200,Mespelare,Dendermonde
9200,Oudegem,Dendermonde
9200,Schoonaarde,Dendermonde
9200,Sint-Gillis-bij-Dendermonde,Dendermonde
9220,Hamme,Hamme
9220,Moerzeke,Hamme
9230,Massemen,Wetteren
9230,Westrem,Wetteren
9230,Wetteren,Wetteren
9240,Zele,Zele
9250,Waasmunster,Waasmunster
9255,Buggenhout,Buggenhout
9255,Opdorp,Buggenhout
9260,Schellebelle,Wichelen
9260,Serskamp,Wichelen
9260,Wichelen,Wichelen
9270,Kalken,Laarne
9270,Laarne,Laarne
9280,Denderbelle,Lebbeke
9280,Lebbeke,Lebbeke
9280,Wieze,Lebbeke
9290,Berlare,Berlare
9290,Overmere,Berlare
9290,Uitbergen,Berlare
9300,Aalst,Aalst
9308,Gijzegem,Aalst
9308,Hofstade,Aalst
9310,Baardegem,Aalst
9310,Herdersem,Aalst
9310,Meldert,Aalst
9310,Moorsel,Aalst
9320,Erembodegem,Aalst
9320,Nieuwerkerken,Aalst
9340,Impe,Lede
9340,Lede,Lede
9340,Oordegem,Lede
9340,Smetlede,Lede
9340,Wanzele,Lede
9400,Appelterre-Eichem,Ninove
9400,Denderwindeke,Ninove
9400,Lieferinge,Ninove
9400,Nederhasselt,Ninove
9400,Ninove,Ninove
9400,Okegem,Ninove
9400,Voorde,Ninove
9401,Pollare,Ninove
9402,Meerbeke,Ninove
9403,Neigem,Ninove
9404,Aspelare,Ninove
9406,Outer,Ninove
9420,Aaigem,Erpe-Mere
9420,Bambrugge,Erpe-Mere
9420,Burst,Erpe-Mere
9420,Erondegem,Erpe-Mere
9420,Erpe,Erpe-Mere
9420,Erpe-Mere,Erpe-Mere
9420,Mere,Erpe-Mere
9420,Ottergem,Erpe-Mere
9420,Vlekkem,Erpe-Mere
9450,Denderhoutem,Haaltert
9450,Haaltert,Haaltert
9450,Heldergem,Haaltert
9451,Kerksken,Haaltert
9470,Denderleeuw,Denderleeuw
9472,Iddergem,Denderleeuw
9473,Welle,Denderleeuw
9500,Geraardsbergen,Geraardsbergen
9500,Goeferdinge,Geraardsbergen
9500,Moerbeke,Geraardsbergen
9500,Nederboelare,Geraardsbergen
9500,Onkerzele,Geraardsbergen
9500,Ophasselt,Geraardsbergen
9500,Overboelare,Geraardsbergen
9500,Viane,Geraardsbergen
9500,Zarlardinge,Geraardsbergen
9506,Grimminge,Geraardsbergen
9506,Idegem,Geraardsbergen
9506,Nieuwenhove,Geraardsbergen
9506,Schendelbeke,Geraardsbergen
9506,Smeerebbe-Vloerzegem,Geraardsbergen
9506,Waarbeke,Geraardsbergen
9506,Zandbergen,Geraardsbergen
9520,Bavegem,Sint-Lievens-Houtem
9520,Sint-Lievens-Houtem,Sint-Lievens-Houtem
9520,Vlierzele,Sint-Lievens-Houtem
9520,Zonnegem,Sint-Lievens-Houtem
9521,Letterhoutem,Sint-Lievens-Houtem
9550,Herzele,Herzele
9550,Hillegem,Herzele
9550,Sint-Antelinks,Herzele
9550,Sint-Lievens-Esse,Herzele
9550,Steenhuize-Wijnhuize,Herzele
9550,Woubrechtegem,Herzele
9551,Ressegem,Herzele
9552,Borsbeke,Herzele
9570,Deftinge,Lierde
9570,Lierde,Lierde
9570,Sint-Maria-Lierde,Lierde
9571,Hemelveerdegem,Lierde
9572,Sint-Martens-Lierde,Lierde
9600,Ronse,Ronse
9620,Elene,Zottegem
9620,Erwetegem,Zottegem
9620,Godveerdegem,Zottegem
9620,Grotenberge,Zottegem
9620,Leeuwergem,Zottegem
9620,Oombergen,Zottegem
9620,Sint-Goriks-Oudenhove,Zottegem
9620,Sint-Maria-Oudenhove-Zottegem,Zottegem
9620,Strijpen,Zottegem
9620,Velzeke-Ruddershove,Zottegem
9620,Zottegem,Zottegem
9630,Beerlegem,Zwalm
9630,Dikkele,Zwalm
9630,Hundelgem,Zwalm
9630,Meilegem,Zwalm
9630,Munkzwalm,Zwalm
9630,Paulatem,Zwalm
9630,Roborst,Zwalm
9630,Rozebeke,Zwalm
9630,Sint-Blasius-Boekel,Zwalm
9630,Sint-Denijs-Boekel,Zwalm
9630,Sint-Maria-Latem,Zwalm
9630,Zwalm,Zwalm
9636,Nederzwalm-Hermelgem,Zwalm
9660,Brakel,Brakel
9660,Elst,Brakel
9660,Everbeek,Brakel
9660,Michelbeke,Brakel
9660,Nederbrakel,Brakel
9660,Opbrakel,Brakel
9660,Sint-Maria-Oudenhove-Brakel,Brakel
9660,Zegelsem,Brakel
9661,Parike,Brakel
9667,Horebeke,Horebeke
9667,Sint-Kornelis-Horebeke,Horebeke
9667,Sint-Maria-Horebeke,Horebeke
9680,Etikhove,Maarkedal
9680,Maarkedal,Maarkedal
9680,Maarke-Kerkem,Maarkedal
9681,Nukerke,Maarkedal
9688,Schorisse,Maarkedal
9690,Berchem,Kluisbergen
9690,Kluisbergen,Kluisbergen
9690,Kwaremont,Kluisbergen
9690,Ruien,Kluisbergen
9690,Zulzeke,Kluisbergen
9700,Bevere,Oudenaarde
9700,Edelare,Oudenaarde
9700,Eine,Oudenaarde
9700,Ename,Oudenaarde
9700,Heurne,Oudenaarde
9700,Leupegem,Oudenaarde
9700,Mater,Oudenaarde
9700,Melden,Oudenaarde
9700,Mullem,Oudenaarde
9700,Nederename,Oudenaarde
9700,Oudenaarde,Oudenaarde
9700,Volkegem,Oudenaarde
9700,Welden,Oudenaarde
9750,Huise,Zingem
9750,Ouwegem,Zingem
9750,Zingem,Zingem
9770,Kruishoutem,Kruishoutem
9771,Nokere,Kruishoutem
9772,Wannegem-Lede,Kruishoutem
9790,Elsegem,Wortegem-Petegem
9790,Moregem,Wortegem-Petegem
9790,Ooike,Wortegem-Petegem
9790,Petegem-aan-de-Schelde,Wortegem-Petegem
9790,Wortegem,Wortegem-Petegem
9790,Wortegem-Petegem,Wortegem-Petegem
9800,Astene,Deinze
9800,Bachte-Maria-Leerne,Deinze
9800,Deinze,Deinze
9800,Gottem,Deinze
9800,Grammene,Deinze
9800,Meigem,Deinze
9800,Petegem-aan-de-Leie,Deinze
9800,Sint-Martens-Leerne,Deinze
9800,Vinkt,Deinze
9800,Wontergem,Deinze
9800,Zeveren,Deinze
9810,Eke,Nazareth
9810,Nazareth,Nazareth
9820,Bottelare,Merelbeke
9820,Lemberge,Merelbeke
9820,Melsen,Merelbeke
9820,Merelbeke,Merelbeke
9820,Munte,Merelbeke
9820,Schelderode,Merelbeke
9830,Sint-Martens-Latem,Sint-Martens-Latem
9831,Deurle,Sint-Martens-Latem
9840,De Pinte,De Pinte
9840,Zevergem,De Pinte
9850,Hansbeke,Nevele
9850,Landegem,Nevele
9850,Merendree,Nevele
9850,Nevele,Nevele
9850,Poesele,Nevele
9850,Vosselare,Nevele
9860,Balegem,Oosterzele
9860,Gijzenzele,Oosterzele
9860,Landskouter,Oosterzele
9860,Moortsele,Oosterzele
9860,Oosterzele,Oosterzele
9860,Scheldewindeke,Oosterzele
9870,Machelen,Zulte
9870,Olsene,Zulte
9870,Zulte,Zulte
9880,Aalter,Aalter
9880,Lotenhulle,Aalter
9880,Poeke,Aalter
9881,Bellem,Aalter
9890,Asper,Gavere
9890,Baaigem,Gavere
9890,Dikkelvenne,Gavere
9890,Gavere,Gavere
9890,Semmerzake,Gavere
9890,Vurste,Gavere
9900,Eeklo,Eeklo
9910,Knesselare,Knesselare
9910,Ursel,Knesselare
9920,Lovendegem,Lovendegem
9921,Vinderhoute,Lovendegem
9930,Zomergem,Zomergem
9931,Oostwinkel,Zomergem
9932,Ronsele,Zomergem
9940,Ertvelde,Evergem
9940,Evergem,Evergem
9940,Kluizen,Evergem
9940,Sleidinge,Evergem
9950,Waarschoot,Waarschoot
9960,Assenede,Assenede
9961,Boekhoute,Assenede
9968,Bassevelde,Assenede
9968,Oosteeklo,Assenede
9970,Kaprijke,Kaprijke
9971,Lembeke,Kaprijke
9980,Sint-Laureins,Sint-Laureins
9981,Sint-Margriete,Sint-Laureins
9982,Sint-Jan-in-Eremo,Sint-Laureins
9988,Waterland-Oudeman,Sint-Laureins
9988,Watervliet,Sint-Laureins
9990,Maldegem,Maldegem
9991,Adegem,Maldegem
9992,Middelburg,Maldegem

